Workbook
Name TRANSMUTATION_TABLE: 'DO NOT DELETE'!$G$2:$J$42

Sheet INPUT DATA
A1: Input Data Sheet for E-Class Record
C4: REGION | G4: III | L4: DIVISION | O4: CITY OF SAN FDO. | T4: DISTRICT | X4: NORTH
B5: SCHOOL NAME | G5: TELABASTAGAN INTEGRATED SCHOOL | T5: SCHOOL ID | X5: 500144 | AD5: SCHOOL YEAR | AG5: 2025-2026
F7: GRADE & SECTION: | K7: V-MAGSAYSAY | Q7: TEACHER: | S7: ADELIA M. MANARANG | AC7: SUBJECT: | AG7: EDUKASYON SA PAGPAPAKATAO
B8: LEARNERS' NAMES
B11: MALE
A12: 1 | B12: Abawag, Jasmin | C12: Abawag, Jasmin | D12: 0 | E12: 0
A13: 2 | B13: Baluyot Frias Jan Xevier | C13: Baluyot Frias Jan Xevier | D13: 0 | E13: 0
A14: 3 | B14: Batislaon,Aeron Carreon | C14: Batislaon,Aeron Carreon | D14: 0 | E14: 0
A15: 4 | B15: Bernardo Kurt Michael Riosa | C15: Bernardo Kurt Michael Riosa | D15: 0 | E15: 0
A16: 5 | B16: Buan, Cyrus Arvee Giongco | C16: Buan, Cyrus Arvee Giongco | D16: 0 | E16: 0
A17: 6 | B17: Cunanan, Prince Carl | C17: Cunanan, Prince Carl | D17: 0 | E17: 0
A18: 7 | B18: Goingco, Drake Calvin Bautista | C18: Goingco, Drake Calvin Bautista | D18: 0 | E18: 0
A19: 8 | B19: Infante, James Mendez | C19: Infante, James Mendez | D19: 0 | E19: 0
A20: 9 | B20: Lacson John Red Hernandez | C20: Lacson John Red Hernandez | D20: 0 | E20: 0
A21: 10 | B21: Limin,Jaslan Mangalindan | C21: Limin,Jaslan Mangalindan | D21: 0 | E21: 0
A22: 11 | B22: Lusung, Yuan Lein Rodriguez | C22: Lusung, Yuan Lein Rodriguez | D22: 0 | E22: D.
A23: 12 | B23: Macaspac, Matteo Dho Arcilla | C23: Macaspac, Matteo Dho Arcilla | D23: 0 | E23: 0
A24: 13 | B24: Miranda, Franz | C24: Miranda, Franz | D24: 0 | E24: 0
A25: 14 | B25: Nayanggazohann,Cedy | C25: Nayanggazohann,Cedy | D25: 0 | E25: 0
A26: 15 | B26: Quiambao, Harvin Miranda | C26: Quiambao, Harvin Miranda | D26: 0 | E26: 0
A27: 16 | B27: Reyes Mhon Vincent Corpuz | C27: Reyes Mhon Vincent Corpuz | D27: 0 | E27: 0
A28: 17 | B28: Meneje, Gelo S. | C28: Salunga Gelo M. | D28: 0 | E28: 0
A29: 18 | B29: Serrano, Aaron Kiel Dabu | C29: Serrano, Aaron Kiel Dabu | D29: 0 | E29: 0
A30: 19 | B30: Villamayon, Jasper Supang | C30: Villamayon, Jasper Supang | D30: 0 | E30: 0
A31: 20 | B31: Vistar, C-Jay Gomaga | C31: Vistar, C-Jay Gomaga | D31: 0 | E31: 0
A32: 21 | B32: Zapata, Xed Yuan Arcilla | C32: Zapata, Xed Yuan Arcilla | D32: 0 | E32: 0
A33: 22 | B33: Cardenio, John Henry | D33: 0 | E33: 0
A34: 23 | D34: 0 | E34: 0
A35: 24 | D35: 0 | E35: 0
A36: 25 | D36: 0 | E36: 0
A37: 26 | D37: 0 | E37: 0
A38: 27 | D38: 0 | E38: 0
D39: 0 | E39: 0
A40: 29 | C40: 0 | D40: 0 | E40: 0
A41: 30 | C41: 0 | D41: 0 | E41: 0
A42: 31 | C42: 0 | D42: 0 | E42: 0
A43: 32 | C43: 0 | D43: 0 | E43: 0
A44: 33 | C44: 0 | D44: 0 | E44: 0
A45: 34 | C45: 0 | D45: 0 | E45: 0
A46: 35 | C46: 0 | D46: 0 | E46: 0
A47: 36 | C47: 0 | D47: 0 | E47: 0
A48: 37 | C48: 0 | D48: 0 | E48: 0
A49: 38 | C49: 0 | D49: 0 | E49: 0
A50: 39 | C50: 0 | D50: 0 | E50: 0
A51: 40 | C51: 0 | D51: 0 | E51: 0
... A61: 50 | C61: 0 | D61: 0 | E61: 0
B62: FEMALE
A63: 1 | B63: Azuelo,Jenn Mae Abenierra | C63: Azuelo,Jenn Mae Abenierra | D63: 0 | E63: 0
A64: 2 | B64: Buan, Maria Dyniss | C64: Buan, Maria Dyniss | D64: 0 | E64: 0
A65: 3 | B65: Bujala, Jaylovelyn Mabini | C65: Bujala, Jaylovelyn Mabini | D65: 0 | E65: 0
A66: 4 | B66: Canete Nieran Alinsuas | C66: Canete Nieran Alinsuas | D66: 0 | E66: 0
A67: 5 | B67: Canlapan Mayline | C67: Canlapan Mayline | D67: 0 | E67: 0
A68: 6 | B68: Caoleng Simoune Gabrielle | C68: Caoleng Simoune Gabrielle | D68: 0 | E68: 0
A69: 7 | B69: De Leon Jannadhine Breboneria | C69: De Leon Jannadhine Breboneria | D69: 0 | E69: 0
A70: 8 | B70: Enriquez, Kyrie Haboc | C70: Enriquez, Kyrie Haboc | D70: 0 | E70: 0
A71: 9 | B71: Estimada, Keiko | C71: Estimada, Keiko | D71: 0 | E71: 0
A72: 10 | B72: Flores, Nicole Faith Icban | C72: Flores, Nicole Faith Icban | D72: 0 | E72: 0
A73: 11 | B73: Gabiano, Zyree | C73: Gabiano, Zyree | D73: 0 | E73: 0
A74: 12 | B74: Galula, Allyza Sophia | C74: Galula, Allyza Sophia | D74: 0 | E74: 0
... A87: 25 | B87: Zamora Angel | C87: Zamora Angel | D87: 0 | E87: 0
A88: 26 | B88: Lazaro Karen | D88: 0 | E88: 0
A89: 27 | D89: 0 | E89: 0
A90: 28 | D90: 0 | E90: 0
A91: 29 | D91: 0 | E91: 0
A92: 30 | D92: 0 | E92: 0
A93: 31 | D93: 0 | E93: 0
A94: 32 | D94: 0 | E94: 0
A95: 33 | C95: 0 | D95: 0 | E95: 0
A96: 34 | C96: 0 | D96: 0 | E96: 0
A97: 35 | C97: 0 | D97: 0 | E97: 0
A98: 36 | C98: 0 | D98: 0 | E98: 0
A99: 37 | C99: 0 | D99: 0 | E99: 0
A100: 38 | C100: 0 | D100: 0 | E100: 0
A101: 39 | C101: 0 | D101: 0 | E101: 0
A102: 40 | C102: 0 | D102: 0 | E102: 0
A103: 41 | C103: 0 | D103: 0 | E103: 0
A104: 42 | C104: 0 | D104: 0 | E104: 0
A105: 43 | C105: 0 | D105: 0 | E105: 0
A106: 44 | C106: 0 | D106: 0 | E106: 0
... A112: 50 | C112: 0 | D112: 0 | E112: 0

Sheet EsP_Q1
A1: Official E-Class Record in K to 12 Curriculum
C4: REGION | G4: ='INPUT DATA'!G4 -> III | L4: DIVISION | O4: ='INPUT DATA'!O4 -> CITY OF SAN FDO. | T4: DISTRICT | X4: ='INPUT DATA'!X4 -> NORTH
B5: SCHOOL NAME | G5: ='INPUT DATA'!G5 -> TELABASTAGAN INTEGRATED SCHOOL | T5: SCHOOL ID | X5: ='INPUT DATA'!X5 -> 500144 | AD5: SCHOOL YEAR | AG5: ='INPUT DATA'!AG5 -> 2025-2026
A7: FIRST QUARTER | F7: GRADE & SECTION: | K7: ='INPUT DATA'!K7 -> V-MAGSAYSAY | Q7: TEACHER: | S7: ='INPUT DATA'!S7 -> ADELIA M. MANARANG | AC7: SUBJECT: | AG7: ='INPUT DATA'!AG7 -> EDUKASYON SA PAGPAPAKATAO
B8: LEARNERS' NAMES | F8: WRITTEN WORKS (30%) | S8: PERFORMANCE TASKS (50%) | AF8: QUARTERLY ASSESSMENT (20%) | AI8: Initial | AJ8: Quarterly
F9: 1 | G9: 2 | H9: 3 | I9: 4 | J9: 5 | K9: 6 | L9: 7 | M9: 8 | N9: 9 | O9: 10 | P9: Total | Q9: PS | R9: WS | S9: 1 | T9: 2 | U9: 3 | V9: 4 | W9: 5 | X9: 6 | Y9: 7 | Z9: 8 | AA9: 9 | AB9: 10 | AC9: Total | AD9: PS | AE9: WS | AF9: 1 | AG9: PS | AH9: WS | AI9: 5 | AJ9: Grade
B10: HIGHEST POSSIBLE SCORE | F10: 10 | G10: 15 | H10: 10 | I10: 10 | J10: 10 | K10: 10 | L10: 10 | P10: =IF(COUNT($F10:$O10)=0,"",SUM($F10:$O10)) -> 75 | Q10: 100 | R10: 0.3 | S10: 10 | T10: 10 | U10: 10 | V10: 15 | W10: 10 | X10: 10 | AC10: =IF(COUNT($S10:$AB10)=0,"",SUM($S10:$AB10)) -> 65 | AD10: 100 | AE10: 0.5 | AF10: 50 | AG10: 100 | AH10: 0.2
B11: MALE
A12: 1 | B12: ='INPUT DATA'!B12 -> Abawag, Jasmin | F12: 9 | G12: 11 | H12: 7 | I12: 10 | J12: 9 | K12: 10 | L12: 8 | P12: =IF(COUNT($F12:$O12)=0,"",SUM($F12:$O12)) -> 64 | Q12: =IF(ISERROR(IF($P12="","",ROUND(($P12/$P$10)*$Q$10,2))),"",IF($P12="","",ROUND(($P12/$P$10)*$Q$10,2))) -> 85.33 | R12: =IF($Q12="","",ROUND($Q12*$R$10,2)) -> 25.6 | S12: 8 | T12: 10 | U12: 9 | V12: 14 | W12: 9 | X12: 9 | AC12: =IF(COUNT($S12:$AB12)=0,"",SUM($S12:$AB12)) -> 59 | AD12: =IF(ISERROR(IF($AC12="","",ROUND(($AC12/$AC$10)*$AD$10,2))),"",IF($AC12="","",ROUND(($AC12/$AC$10)*$AD$10,2))) -> 90.77 | AE12: =IF($AD12="","",ROUND($AD12*$AE$10,2)) -> 45.39 | AF12: 35 | AG12: =IF(ISERROR(IF($AF12="","",ROUND(($AF12/$AF$10)*$AG$10,2))),"",IF($AF12="","",ROUND(($AF12/$AF$10)*$AG$10,2))) -> 70 | AH12: =IF($AG12="","",ROUND($AG12*$AH$10,2)) -> 14 | AI12: =IF(ISERROR(IF($AF12="","",ROUND(SUM($R12,$AE12,$AH12),2))),"",IF($AF12="","",ROUND(SUM($R12,$AE12,$AH12),2))) -> 84.99 | AJ12: =IF(ISERROR(IF($AF12="","",VLOOKUP(AI12,TRANSMUTATION_TABLE,4,TRUE))),"",IF($AF12="","",VLOOKUP(AI12,TRANSMUTATION_TABLE,4,TRUE))) -> 90
A13: 2 | B13: ='INPUT DATA'!B13 -> Baluyot Frias Jan Xevier | F13: 7 | G13: 11 | H13: 2 | I13: 10 | J13: 2 | K13: 10 | L13: 2 | P13: =IF(COUNT($F13:$O13)=0,"",SUM($F13:$O13)) -> 44 | Q13: =IF(ISERROR(IF($P13="","",ROUND(($P13/$P$10)*$Q$10,2))),"",IF($P13="","",ROUND(($P13/$P$10)*$Q$10,2))) -> 58.67 | R13: =IF($Q13="","",ROUND($Q13*$R$10,2)) -> 17.6 | S13: 9 | T13: 2 | U13: 5 | V13: 12 | W13: 9 | X13: 9 | AC13: =IF(COUNT($S13:$AB13)=0,"",SUM($S13:$AB13)) -> 46 | AD13: =IF(ISERROR(IF($AC13="","",ROUND(($AC13/$AC$10)*$AD$10,2))),"",IF($AC13="","",ROUND(($AC13/$AC$10)*$AD$10,2))) -> 70.77 | AE13: =IF($AD13="","",ROUND($AD13*$AE$10,2)) -> 35.39 | AF13: 31 | AG13: =IF(ISERROR(IF($AF13="","",ROUND(($AF13/$AF$10)*$AG$10,2))),"",IF($AF13="","",ROUND(($AF13/$AF$10)*$AG$10,2))) -> 62 | AH13: =IF($AG13="","",ROUND($AG13*$AH$10,2)) -> 12.4 | AI13: =IF(ISERROR(IF($AF13="","",ROUND(SUM($R13,$AE13,$AH13),2))),"",IF($AF13="","",ROUND(SUM($R13,$AE13,$AH13),2))) -> 65.39 | AJ13: =IF(ISERROR(IF($AF13="","",VLOOKUP(AI13,TRANSMUTATION_TABLE,4,TRUE))),"",IF($AF13="","",VLOOKUP(AI13,TRANSMUTATION_TABLE,4,TRUE))) -> 78
A14: 3 | B14: ='INPUT DATA'!B14 -> Batislaon,Aeron Carreon | F14: 8 | G14: 11 | H14: 8 | I14: 6 | J14: 10 | K14: 9 | L14: 10 | P14: =IF(COUNT($F14:$O14)=0,"",SUM($F14:$O14)) -> 62 | Q14: =IF(ISERROR(IF($P14="","",ROUND(($P14/$P$10)*$Q$10,2))),"",IF($P14="","",ROUND(($P14/$P$10)*$Q$10,2))) -> 82.67 | R14: =IF($Q14="","",ROUND($Q14*$R$10,2)) -> 24.8 | S14: 8 | T14: 8 | U14: 5 | V14: 14 | W14: 10 | X14: 10 | AC14: =IF(COUNT($S14:$AB14)=0,"",SUM($S14:$AB14)) -> 55 | AD14: =IF(ISERROR(IF($AC14="","",ROUND(($AC14/$AC$10)*$AD$10,2))),"",IF($AC14="","",ROUND(($AC14/$AC$10)*$AD$10,2))) -> 84.62 | AE14: =IF($AD14="","",ROUND($AD14*$AE$10,2)) -> 42.31 | AF14: 46 | AG14: =IF(ISERROR(IF($AF14="","",ROUND(($AF14/$AF$10)*$AG$10,2))),"",IF($AF14="","",ROUND(($AF14/$AF$10)*$AG$10,2))) -> 92 | AH14: =IF($AG14="","",ROUND($AG14*$AH$10,2)) -> 18.4 | AI14: =IF(ISERROR(IF($AF14="","",ROUND(SUM($R14,$AE14,$AH14),2))),"",IF($AF14="","",ROUND(SUM($R14,$AE14,$AH14),2))) -> 85.51 | AJ14: =IF(ISERROR(IF($AF14="","",VLOOKUP(AI14,TRANSMUTATION_TABLE,4,TRUE))),"",IF($AF14="","",VLOOKUP(AI14,TRANSMUTATION_TABLE,4,TRUE))) -> 90
A15: 4 | B15: ='INPUT DATA'!B15 -> Bernardo Kurt Michael Riosa | F15: 8 | G15: 9 | H15: 2 | I15: 9 | J15: 7 | K15: 8 | L15: 4 | P15: =IF(COUNT($F15:$O15)=0,"",SUM($F15:$O15)) -> 47 | Q15: =IF(ISERROR(IF($P15="","",ROUND(($P15/$P$10)*$Q$10,2))),"",IF($P15="","",ROUND(($P15/$P$10)*$Q$10,2))) -> 62.67 | R15: =IF($Q15="","",ROUND($Q15*$R$10,2)) -> 18.8 | S15: 9 | T15: 9 | U15: 8 | V15: 12 | W15: 6 | X15: 9 | AC15: =IF(COUNT($S15:$AB15)=0,"",SUM($S15:$AB15)) -> 53 | AD15: =IF(ISERROR(IF($AC15="","",ROUND(($AC15/$AC$10)*$AD$10,2))),"",IF($AC15="","",ROUND(($AC15/$AC$10)*$AD$10,2))) -> 81.54 | AE15: =IF($AD15="","",ROUND($AD15*$AE$10,2)) -> 40.77 | AF15: 39 | AG15: =IF(ISERROR(IF($AF15="","",ROUND(($AF15/$AF$10)*$AG$10,2))),"",IF($AF15="","",ROUND(($AF15/$AF$10)*$AG$10,2))) -> 78 | AH15: =IF($AG15="","",ROUND($AG15*$AH$10,2)) -> 15.6 | AI15: =IF(ISERROR(IF($AF15="","",ROUND(SUM($R15,$AE15,$AH15),2))),"",IF($AF15="","",ROUND(SUM($R15,$AE15,$AH15),2))) -> 75.17 | AJ15: =IF(ISERROR(IF($AF15="","",VLOOKUP(AI15,TRANSMUTATION_TABLE,4,TRUE))),"",IF($AF15="","",VLOOKUP(AI15,TRANSMUTATION_TABLE,4,TRUE))) -> 84
A16: 5 | B16: ='INPUT DATA'!B16 -> Buan, Cyrus Arvee Giongco | F16: 8 | G16: 12 | H16: 10 | I16: 6 | J16: 2 | K16: 2 | L16: 10 | P16: =IF(COUNT($F16:$O16)=0,"",SUM($F16:$O16)) -> 50 | Q16: =IF(ISERROR(IF($P16="","",ROUND(($P16/$P$10)*$Q$10,2))),"",IF($P16="","",ROUND(($P16/$P$10)*$Q$10,2))) -> 66.67 | R16: =IF($Q16="","",ROUND($Q16*$R$10,2)) -> 20 | S16: 8 | T16: 2 | U16: 10 | V16: 12 | W16: 9 | X16: 9 | AC16: =IF(COUNT($S16:$AB16)=0,"",SUM($S16:$AB16)) -> 50 | AD16: =IF(ISERROR(IF($AC16="","",ROUND(($AC16/$AC$10)*$AD$10,2))),"",IF($AC16="","",ROUND(($AC16/$AC$10)*$AD$10,2))) -> 76.92 | AE16: =IF($AD16="","",ROUND($AD16*$AE$10,2)) -> 38.46 | AF16: 36 | AG16: =IF(ISERROR(IF($AF16="","",ROUND(($AF16/$AF$10)*$AG$10,2))),"",IF($AF16="","",ROUND(($AF16/$AF$10)*$AG$10,2))) -> 72 | AH16: =IF($AG16="","",ROUND($AG16*$AH$10,2)) -> 14.4 | AI16: =IF(ISERROR(IF($AF16="","",ROUND(SUM($R16,$AE16,$AH16),2))),"",IF($AF16="","",ROUND(SUM($R16,$AE16,$AH16),2))) -> 72.86 | AJ16: =IF(ISERROR(IF($AF16="","",VLOOKUP(AI16,TRANSMUTATION_TABLE,4,TRUE))),"",IF($AF16="","",VLOOKUP(AI16,TRANSMUTATION_TABLE,4,TRUE))) -> 83
A17: 6 | B17: ='INPUT DATA'!B17 -> Cunanan, Prince Carl | F17: 8 | G17: 6 | H17: 10 | I17: 7 | J17: 10 | K17: 9 | L17: 9 | P17: =IF(COUNT($F17:$O17)=0,"",SUM($F17:$O17)) -> 59 | Q17: =IF(ISERROR(IF($P17="","",ROUND(($P17/$P$10)*$Q$10,2))),"",IF($P17="","",ROUND(($P17/$P$10)*$Q$10,2))) -> 78.67 | R17: =IF($Q17="","",ROUND($Q17*$R$10,2)) -> 23.6 | S17: 6 | T17: 7 | U17: 8 | V17: 13 | W17: 5 | X17: 6 | AC17: =IF(COUNT($S17:$AB17)=0,"",SUM($S17:$AB17)) -> 45 | AD17: =IF(ISERROR(IF($AC17="","",ROUND(($AC17/$AC$10)*$AD$10,2))),"",IF($AC17="","",ROUND(($AC17/$AC$10)*$AD$10,2))) -> 69.23 | AE17: =IF($AD17="","",ROUND($AD17*$AE$10,2)) -> 34.62 | AF17: 31 | AG17: =IF(ISERROR(IF($AF17="","",ROUND(($AF17/$AF$10)*$AG$10,2))),"",IF($AF17="","",ROUND(($AF17/$AF$10)*$AG$10,2))) -> 62 | AH17: =IF($AG17="","",ROUND($AG17*$AH$10,2)) -> 12.4 | AI17: =IF(ISERROR(IF($AF17="","",ROUND(SUM($R17,$AE17,$AH17),2))),"",IF($AF17="","",ROUND(SUM($R17,$AE17,$AH17),2))) -> 70.62 | AJ17: =IF(ISERROR(IF($AF17="","",VLOOKUP(AI17,TRANSMUTATION_TABLE,4,TRUE))),"",IF($AF17="","",VLOOKUP(AI17,TRANSMUTATION_TABLE,4,TRUE))) -> 81
A18: 7 | B18: ='INPUT DATA'!B18 -> Goingco, Drake Calvin Bautista | F18: 9 | G18: 10 | H18: 10 | I18: 10 | J18: 10 | K18: 2 | L18: 8 | P18: =IF(COUNT($F18:$O18)=0,"",SUM($F18:$O18)) -> 59 | Q18: =IF(ISERROR(IF($P18="","",ROUND(($P18/$P$10)*$Q$10,2))),"",IF($P18="","",ROUND(($P18/$P$10)*$Q$10,2))) -> 78.67 | R18: =IF($Q18="","",ROUND($Q18*$R$10,2)) -> 23.6 | S18: 10 | T18: 10 | U18: 10 | V18: 15 | W18: 10 | X18: 10 | AC18: =IF(COUNT($S18:$AB18)=0,"",SUM($S18:$AB18)) -> 65 | AD18: =IF(ISERROR(IF($AC18="","",ROUND(($AC18/$AC$10)*$AD$10,2))),"",IF($AC18="","",ROUND(($AC18/$AC$10)*$AD$10,2))) -> 100 | AE18: =IF($AD18="","",ROUND($AD18*$AE$10,2)) -> 50 | AF18: 36 | AG18: =IF(ISERROR(IF($AF18="","",ROUND(($AF18/$AF$10)*$AG$10,2))),"",IF($AF18="","",ROUND(($AF18/$AF$10)*$AG$10,2))) -> 72 | AH18: =IF($AG18="","",ROUND($AG18*$AH$10,2)) -> 14.4 | AI18: =IF(ISERROR(IF($AF18="","",ROUND(SUM($R18,$AE18,$AH18),2))),"",IF($AF18="","",ROUND(SUM($R18,$AE18,$AH18),2))) -> 88 | AJ18: =IF(ISERROR(IF($AF18="","",VLOOKUP(AI18,TRANSMUTATION_TABLE,4,TRUE))),"",IF($AF18="","",VLOOKUP(AI18,TRANSMUTATION_TABLE,4,TRUE))) -> 92
A19: 8 | B19: ='INPUT DATA'!B19 -> Infante, James Mendez | D19: 0 | F19: 8 | G19: 11 | H19: 8 | I19: 8 | J19: 9 | K19: 7 | L19: 5 | P19: =IF(COUNT($F19:$O19)=0,"",SUM($F19:$O19)) -> 56 | Q19: =IF(ISERROR(IF($P19="","",ROUND(($P19/$P$10)*$Q$10,2))),"",IF($P19="","",ROUND(($P19/$P$10)*$Q$10,2))) -> 74.67 | R19: =IF($Q19="","",ROUND($Q19*$R$10,2)) -> 22.4 | S19: 9 | T19: 8 | U19: 7 | V19: 12 | W19: 5 | X19: 5 | AC19: =IF(COUNT($S19:$AB19)=0,"",SUM($S19:$AB19)) -> 46 | AD19: =IF(ISERROR(IF($AC19="","",ROUND(($AC19/$AC$10)*$AD$10,2))),"",IF($AC19="","",ROUND(($AC19/$AC$10)*$AD$10,2))) -> 70.77 | AE19: =IF($AD19="","",ROUND($AD19*$AE$10,2)) -> 35.39 | AF19: 37 | AG19: =IF(ISERROR(IF($AF19="","",ROUND(($AF19/$AF$10)*$AG$10,2))),"",IF($AF19="","",ROUND(($AF19/$AF$10)*$AG$10,2))) -> 74 | AH19: =IF($AG19="","",ROUND($AG19*$AH$10,2)) -> 14.8 | AI19: =IF(ISERROR(IF($AF19="","",ROUND(SUM($R19,$AE19,$AH19),2))),"",IF($AF19="","",ROUND(SUM($R19,$AE19,$AH19),2))) -> 72.59 | AJ19: =IF(ISERROR(IF($AF19="","",VLOOKUP(AI19,TRANSMUTATION_TABLE,4,TRUE))),"",IF($AF19="","",VLOOKUP(AI19,TRANSMUTATION_TABLE,4,TRUE))) -> 82
A20: 9 | B20: ='INPUT DATA'!B20 -> Lacson John Red Hernandez | F20: 7 | G20: 11 | H20: 7 | I20: 6 | J20: 10 | K20: 8 | L20: 9 | P20: =IF(COUNT($F20:$O20)=0,"",SUM($F20:$O20)) -> 58 | Q20: =IF(ISERROR(IF($P20="","",ROUND(($P20/$P$10)*$Q$10,2))),"",IF($P20="","",ROUND(($P20/$P$10)*$Q$10,2))) -> 77.33 | R20: =IF($Q20="","",ROUND($Q20*$R$10,2)) -> 23.2 | S20: 6 | T20: 10 | U20: 5 | V20: 11 | W20: 8 | X20: 6 | AC20: =IF(COUNT($S20:$AB20)=0,"",SUM($S20:$AB20)) -> 46 | AD20: =IF(ISERROR(IF($AC20="","",ROUND(($AC20/$AC$10)*$AD$10,2))),"",IF($AC20="","",ROUND(($AC20/$AC$10)*$AD$10,2))) -> 70.77 | AE20: =IF($AD20="","",ROUND($AD20*$AE$10,2)) -> 35.39 | AF20: 21 | AG20: =IF(ISERROR(IF($AF20="","",ROUND(($AF20/$AF$10)*$AG$10,2))),"",IF($AF20="","",ROUND(($AF20/$AF$10)*$AG$10,2))) -> 42 | AH20: =IF($AG20="","",ROUND($AG20*$AH$10,2)) -> 8.4 | AI20: =IF(ISERROR(IF($AF20="","",ROUND(SUM($R20,$AE20,$AH20),2))),"",IF($AF20="","",ROUND(SUM($R20,$AE20,$AH20),2))) -> 66.99 | AJ20: =IF(ISERROR(IF($AF20="","",VLOOKUP(AI20,TRANSMUTATION_TABLE,4,TRUE))),"",IF($AF20="","",VLOOKUP(AI20,TRANSMUTATION_TABLE,4,TRUE))) -> 79
A21: 10 | B21: ='INPUT DATA'!B21 -> Limin,Jaslan Mangalindan | F21: 8 | G21: 11 | H21: 2 | I21: 10 | J21: 10 | K21: 2 | L21: 10 | P21: =IF(COUNT($F21:$O21)=0,"",SUM($F21:$O21)) -> 53 | Q21: =IF(ISERROR(IF($P21="","",ROUND(($P21/$P$10)*$Q$10,2))),"",IF($P21="","",ROUND(($P21/$P$10)*$Q$10,2))) -> 70.67 | R21: =IF($Q21="","",ROUND($Q21*$R$10,2)) -> 21.2 | S21: 7 | T21: 10 | U21: 10 | V21: 12 | W21: 10 | X21: 6 | AC21: =IF(COUNT($S21:$AB21)=0,"",SUM($S21:$AB21)) -> 55 | AD21: =IF(ISERROR(IF($AC21="","",ROUND(($AC21/$AC$10)*$AD$10,2))),"",IF($AC21="","",ROUND(($AC21/$AC$10)*$AD$10,2))) -> 84.62 | AE21: =IF($AD21="","",ROUND($AD21*$AE$10,2)) -> 42.31 | AF21: 38 | AG21: =IF(ISERROR(IF($AF21="","",ROUND(($AF21/$AF$10)*$AG$10,2))),"",IF($AF21="","",ROUND(($AF21/$AF$10)*$AG$10,2))) -> 76 | AH21: =IF($AG21="","",ROUND($AG21*$AH$10,2)) -> 15.2 | AI21: =IF(ISERROR(IF($AF21="","",ROUND(SUM($R21,$AE21,$AH21),2))),"",IF($AF21="","",ROUND(SUM($R21,$AE21,$AH21),2))) -> 78.71 | AJ21: =IF(ISERROR(IF($AF21="","",VLOOKUP(AI21,TRANSMUTATION_TABLE,4,TRUE))),"",IF($AF21="","",VLOOKUP(AI21,TRANSMUTATION_TABLE,4,TRUE))) -> 86
A22: 11 | B22: ='INPUT DATA'!B22 -> Lusung, Yuan Lein Rodriguez | D22: 0 | F22: 9 | G22: 9 | H22: 7 | I22: 10 | J22: 10 | K22: 9 | L22: 10 | P22: =IF(COUNT($F22:$O22)=0,"",SUM($F22:$O22)) -> 64 | Q22: =IF(ISERROR(IF($P22="","",ROUND(($P22/$P$10)*$Q$10,2))),"",IF($P22="","",ROUND(($P22/$P$10)*$Q$10,2))) -> 85.33 | R22: =IF($Q22="","",ROUND($Q22*$R$10,2)) -> 25.6 | S22: 9 | T22: 10 | U22: 10 | V22: 14 | W22: 9 | X22: 10 | AC22: =IF(COUNT($S22:$AB22)=0,"",SUM($S22:$AB22)) -> 62 | AD22: =IF(ISERROR(IF($AC22="","",ROUND(($AC22/$AC$10)*$AD$10,2))),"",IF($AC22="","",ROUND(($AC22/$AC$10)*$AD$10,2))) -> 95.38 | AE22: =IF($AD22="","",ROUND($AD22*$AE$10,2)) -> 47.69 | AF22: 42 | AG22: =IF(ISERROR(IF($AF22="","",ROUND(($AF22/$AF$10)*$AG$10,2))),"",IF($AF22="","",ROUND(($AF22/$AF$10)*$AG$10,2))) -> 84 | AH22: =IF($AG22="","",ROUND($AG22*$AH$10,2)) -> 16.8 | AI22: =IF(ISERROR(IF($AF22="","",ROUND(SUM($R22,$AE22,$AH22),2))),"",IF($AF22="","",ROUND(SUM($R22,$AE22,$AH22),2))) -> 90.09 | AJ22: =IF(ISERROR(IF($AF22="","",VLOOKUP(AI22,TRANSMUTATION_TABLE,4,TRUE))),"",IF($AF22="","",VLOOKUP(AI22,TRANSMUTATION_TABLE,4,TRUE))) -> 93
A23: 12 | B23: ='INPUT DATA'!B23 -> Macaspac, Matteo Dho Arcilla | F23: 8 | G23: 11 | H23: 7 | I23: 9 | J23: 10 | K23: 9 | L23: 6 | P23: =IF(COUNT($F23:$O23)=0,"",SUM($F23:$O23)) -> 60 | Q23: =IF(ISERROR(IF($P23="","",ROUND(($P23/$P$10)*$Q$10,2))),"",IF($P23="","",ROUND(($P23/$P$10)*$Q$10,2))) -> 80 | R23: =IF($Q23="","",ROUND($Q23*$R$10,2)) -> 24 | S23: 8 | T23: 10 | U23: 10 | V23: 14 | W23: 8 | X23: 10 | AC23: =IF(COUNT($S23:$AB23)=0,"",SUM($S23:$AB23)) -> 60 | AD23: =IF(ISERROR(IF($AC23="","",ROUND(($AC23/$AC$10)*$AD$10,2))),"",IF($AC23="","",ROUND(($AC23/$AC$10)*$AD$10,2))) -> 92.31 | AE23: =IF($AD23="","",ROUND($AD23*$AE$10,2)) -> 46.16 | AF23: 25 | AG23: =IF(ISERROR(IF($AF23="","",ROUND(($AF23/$AF$10)*$AG$10,2))),"",IF($AF23="","",ROUND(($AF23/$AF$10)*$AG$10,2))) -> 50 | AH23: =IF($AG23="","",ROUND($AG23*$AH$10,2)) -> 10 | AI23: =IF(ISERROR(IF($AF23="","",ROUND(SUM($R23,$AE23,$AH23),2))),"",IF($AF23="","",ROUND(SUM($R23,$AE23,$AH23),2))) -> 80.16 | AJ23: =IF(ISERROR(IF($AF23="","",VLOOKUP(AI23,TRANSMUTATION_TABLE,4,TRUE))),"",IF($AF23="","",VLOOKUP(AI23,TRANSMUTATION_TABLE,4,TRUE))) -> 87
A24: 13 | B24: ='INPUT DATA'!B24 -> Miranda, Franz | F24: 8 | G24: 12 | H24: 7 | I24: 9 | J24: 10 | K24: 10 | L24: 10 | P24: =IF(COUNT($F24:$O24)=0,"",SUM($F24:$O24)) -> 66 | Q24: =IF(ISERROR(IF($P24="","",ROUND(($P24/$P$10)*$Q$10,2))),"",IF($P24="","",ROUND(($P24/$P$10)*$Q$10,2))) -> 88 | R24: =IF($Q24="","",ROUND($Q24*$R$10,2)) -> 26.4 | S24: 8 | T24: 9 | U24: 9 | V24: 14 | W24: 9 | X24: 9 | AC24: =IF(COUNT($S24:$AB24)=0,"",SUM($S24:$AB24)) -> 58 | AD24: =IF(ISERROR(IF($AC24="","",ROUND(($AC24/$AC$10)*$AD$10,2))),"",IF($AC24="","",ROUND(($AC24/$AC$10)*$AD$10,2))) -> 89.23 | AE24: =IF($AD24="","",ROUND($AD24*$AE$10,2)) -> 44.62 | AF24: 22 | AG24: =IF(ISERROR(IF($AF24="","",ROUND(($AF24/$AF$10)*$AG$10,2))),"",IF($AF24="","",ROUND(($AF24/$AF$10)*$AG$10,2))) -> 44 | AH24: =IF($AG24="","",ROUND($AG24*$AH$10,2)) -> 8.8 | AI24: =IF(ISERROR(IF($AF24="","",ROUND(SUM($R24,$AE24,$AH24),2))),"",IF($AF24="","",ROUND(SUM($R24,$AE24,$AH24),2))) -> 79.82 | AJ24: =IF(ISERROR(IF($AF24="","",VLOOKUP(AI24,TRANSMUTATION_TABLE,4,TRUE))),"",IF($AF24="","",VLOOKUP(AI24,TRANSMUTATION_TABLE,4,TRUE))) -> 87
A25: 14 | B25: ='INPUT DATA'!B25 -> Nayanggazohann,Cedy | F25: 8 | G25: 8 | H25: 2 | I25: 9 | J25: 8 | K25: 8 | L25: 5 | P25: =IF(COUNT($F25:$O25)=0,"",SUM($F25:$O25)) -> 48 | Q25: =IF(ISERROR(IF($P25="","",ROUND(($P25/$P$10)*$Q$10,2))),"",IF($P25="","",ROUND(($P25/$P$10)*$Q$10,2))) -> 64 | R25: =IF($Q25="","",ROUND($Q25*$R$10,2)) -> 19.2 | S25: 8 | T25: 10 | U25: 5 | V25: 13 | W25: 5 | X25: 6 | AC25: =IF(COUNT($S25:$AB25)=0,"",SUM($S25:$AB25)) -> 47 | AD25: =IF(ISERROR(IF($AC25="","",ROUND(($AC25/$AC$10)*$AD$10,2))),"",IF($AC25="","",ROUND(($AC25/$AC$10)*$AD$10,2))) -> 72.31 | AE25: =IF($AD25="","",ROUND($AD25*$AE$10,2)) -> 36.16 | AF25: 34 | AG25: =IF(ISERROR(IF($AF25="","",ROUND(($AF25/$AF$10)*$AG$10,2))),"",IF($AF25="","",ROUND(($AF25/$AF$10)*$AG$10,2))) -> 68 | AH25: =IF($AG25="","",ROUND($AG25*$AH$10,2)) -> 13.6 | AI25: =IF(ISERROR(IF($AF25="","",ROUND(SUM($R25,$AE25,$AH25),2))),"",IF($AF25="","",ROUND(SUM($R25,$AE25,$AH25),2))) -> 68.96 | AJ25: =IF(ISERROR(IF($AF25="","",VLOOKUP(AI25,TRANSMUTATION_TABLE,4,TRUE))),"",IF($AF25="","",VLOOKUP(AI25,TRANSMUTATION_TABLE,4,TRUE))) -> 80
A26: 15 | B26: ='INPUT DATA'!B26 -> Quiambao, Harvin Miranda | F26: 9 | G26: 11 | H26: 10 | I26: 8 | J26: 10 | K26: 10 | L26: 7 | P26: =IF(COUNT($F26:$O26)=0,"",SUM($F26:$O26)) -> 65 | Q26: =IF(ISERROR(IF($P26="","",ROUND(($P26/$P$10)*$Q$10,2))),"",IF($P26="","",ROUND(($P26/$P$10)*$Q$10,2))) -> 86.67 | R26: =IF($Q26="","",ROUND($Q26*$R$10,2)) -> 26 | S26: 7 | T26: 10 | U26: 8 | V26: 15 | W26: 8 | X26: 9 | AC26: =IF(COUNT($S26:$AB26)=0,"",SUM($S26:$AB26)) -> 57 | AD26: =IF(ISERROR(IF($AC26="","",ROUND(($AC26/$AC$10)*$AD$10,2))),"",IF($AC26="","",ROUND(($AC26/$AC$10)*$AD$10,2))) -> 87.69 | AE26: =IF($AD26="","",ROUND($AD26*$AE$10,2)) -> 43.85 | AF26: 45 | AG26: =IF(ISERROR(IF($AF26="","",ROUND(($AF26/$AF$10)*$AG$10,2))),"",IF($AF26="","",ROUND(($AF26/$AF$10)*$AG$10,2))) -> 90 | AH26: =IF($AG26="","",ROUND($AG26*$AH$10,2)) -> 18 | AI26: =IF(ISERROR(IF($AF26="","",ROUND(SUM($R26,$AE26,$AH26),2))),"",IF($AF26="","",ROUND(SUM($R26,$AE26,$AH26),2))) -> 87.85 | AJ26: =IF(ISERROR(IF($AF26="","",VLOOKUP(AI26,TRANSMUTATION_TABLE,4,TRUE))),"",IF($AF26="","",VLOOKUP(AI26,TRANSMUTATION_TABLE,4,TRUE))) -> 92
A27: 16 | B27: ='INPUT DATA'!B27 -> Reyes Mhon Vincent Corpuz | F27: 8 | G27: 5 | H27: 2 | I27: 10 | J27: 9 | K27: 7 | L27: 9 | P27: =IF(COUNT($F27:$O27)=0,"",SUM($F27:$O27)) -> 50 | Q27: =IF(ISERROR(IF($P27="","",ROUND(($P27/$P$10)*$Q$10,2))),"",IF($P27="","",ROUND(($P27/$P$10)*$Q$10,2))) -> 66.67 | R27: =IF($Q27="","",ROUND($Q27*$R$10,2)) -> 20 | S27: 6 | T27: 10 | U27: 9 | V27: 12 | W27: 10 | X27: 9 | AC27: =IF(COUNT($S27:$AB27)=0,"",SUM($S27:$AB27)) -> 56 | AD27: =IF(ISERROR(IF($AC27="","",ROUND(($AC27/$AC$10)*$AD$10,2))),"",IF($AC27="","",ROUND(($AC27/$AC$10)*$AD$10,2))) -> 86.15 | AE27: =IF($AD27="","",ROUND($AD27*$AE$10,2)) -> 43.08 | AF27: 33 | AG27: =IF(ISERROR(IF($AF27="","",ROUND(($AF27/$AF$10)*$AG$10,2))),"",IF($AF27="","",ROUND(($AF27/$AF$10)*$AG$10,2))) -> 66 | AH27: =IF($AG27="","",ROUND($AG27*$AH$10,2)) -> 13.2 | AI27: =IF(ISERROR(IF($AF27="","",ROUND(SUM($R27,$AE27,$AH27),2))),"",IF($AF27="","",ROUND(SUM($R27,$AE27,$AH27),2))) -> 76.28 | AJ27: =IF(ISERROR(IF($AF27="","",VLOOKUP(AI27,TRANSMUTATION_TABLE,4,TRUE))),"",IF($AF27="","",VLOOKUP(AI27,TRANSMUTATION_TABLE,4,TRUE))) -> 85
A28: 17 | B28: ='INPUT DATA'!B28 -> Meneje, Gelo S. | F28: 8 | G28: 10 | H28: 10 | I28: 9 | J28: 9 | K28: 10 | L28: 6 | P28: =IF(COUNT($F28:$O28)=0,"",SUM($F28:$O28)) -> 62 | Q28: =IF(ISERROR(IF($P28="","",ROUND(($P28/$P$10)*$Q$10,2))),"",IF($P28="","",ROUND(($P28/$P$10)*$Q$10,2))) -> 82.67 | R28: =IF($Q28="","",ROUND($Q28*$R$10,2)) -> 24.8 | S28: 8 | T28: 10 | U28: 8 | V28: 14 | W28: 6 | X28: 10 | AC28: =IF(COUNT($S28:$AB28)=0,"",SUM($S28:$AB28)) -> 56 | AD28: =IF(ISERROR(IF($AC28="","",ROUND(($AC28/$AC$10)*$AD$10,2))),"",IF($AC28="","",ROUND(($AC28/$AC$10)*$AD$10,2))) -> 86.15 | AE28: =IF($AD28="","",ROUND($AD28*$AE$10,2)) -> 43.08 | AF28: 30 | AG28: =IF(ISERROR(IF($AF28="","",ROUND(($AF28/$AF$10)*$AG$10,2))),"",IF($AF28="","",ROUND(($AF28/$AF$10)*$AG$10,2))) -> 60 | AH28: =IF($AG28="","",ROUND($AG28*$AH$10,2)) -> 12 | AI28: =IF(ISERROR(IF($AF28="","",ROUND(SUM($R28,$AE28,$AH28),2))),"",IF($AF28="","",ROUND(SUM($R28,$AE28,$AH28),2))) -> 79.88 | AJ28: =IF(ISERROR(IF($AF28="","",VLOOKUP(AI28,TRANSMUTATION_TABLE,4,TRUE))),"",IF($AF28="","",VLOOKUP(AI28,TRANSMUTATION_TABLE,4,TRUE))) -> 87
A29: 18 | B29: ='INPUT DATA'!B29 -> Serrano, Aaron Kiel Dabu | F29: 8 | G29: 12 | H29: 8 | I29: 10 | J29: 9 | K29: 10 | L29: 6 | P29: =IF(COUNT($F29:$O29)=0,"",SUM($F29:$O29)) -> 63 | Q29: =IF(ISERROR(IF($P29="","",ROUND(($P29/$P$10)*$Q$10,2))),"",IF($P29="","",ROUND(($P29/$P$10)*$Q$10,2))) -> 84 | R29: =IF($Q29="","",ROUND($Q29*$R$10,2)) -> 25.2 | S29: 8 | T29: 10 | U29: 9 | V29: 12 | W29: 9 | X29: 9 | AC29: =IF(COUNT($S29:$AB29)=0,"",SUM($S29:$AB29)) -> 57 | AD29: =IF(ISERROR(IF($AC29="","",ROUND(($AC29/$AC$10)*$AD$10,2))),"",IF($AC29="","",ROUND(($AC29/$AC$10)*$AD$10,2))) -> 87.69 | AE29: =IF($AD29="","",ROUND($AD29*$AE$10,2)) -> 43.85 | AF29: 38 | AG29: =IF(ISERROR(IF($AF29="","",ROUND(($AF29/$AF$10)*$AG$10,2))),"",IF($AF29="","",ROUND(($AF29/$AF$10)*$AG$10,2))) -> 76 | AH29: =IF($AG29="","",ROUND($AG29*$AH$10,2)) -> 15.2 | AI29: =IF(ISERROR(IF($AF29="","",ROUND(SUM($R29,$AE29,$AH29),2))),"",IF($AF29="","",ROUND(SUM($R29,$AE29,$AH29),2))) -> 84.25 | AJ29: =IF(ISERROR(IF($AF29="","",VLOOKUP(AI29,TRANSMUTATION_TABLE,4,TRUE))),"",IF($AF29="","",VLOOKUP(AI29,TRANSMUTATION_TABLE,4,TRUE))) -> 90
A30: 19 | B30: ='INPUT DATA'!B30 -> Villamayon, Jasper Supang | F30: 8 | G30: 9 | H30: 7 | I30: 10 | J30: 9 | K30: 2 | L30: 7 | P30: =IF(COUNT($F30:$O30)=0,"",SUM($F30:$O30)) -> 52 | Q30: =IF(ISERROR(IF($P30="","",ROUND(($P30/$P$10)*$Q$10,2))),"",IF($P30="","",ROUND(($P30/$P$10)*$Q$10,2))) -> 69.33 | R30: =IF($Q30="","",ROUND($Q30*$R$10,2)) -> 20.8 | S30: 7 | T30: 10 | U30: 9 | V30: 12 | W30: 6 | X30: 9 | AC30: =IF(COUNT($S30:$AB30)=0,"",SUM($S30:$AB30)) -> 53 | AD30: =IF(ISERROR(IF($AC30="","",ROUND(($AC30/$AC$10)*$AD$10,2))),"",IF($AC30="","",ROUND(($AC30/$AC$10)*$AD$10,2))) -> 81.54 | AE30: =IF($AD30="","",ROUND($AD30*$AE$10,2)) -> 40.77 | AF30: 24 | AG30: =IF(ISERROR(IF($AF30="","",ROUND(($AF30/$AF$10)*$AG$10,2))),"",IF($AF30="","",ROUND(($AF30/$AF$10)*$AG$10,2))) -> 48 | AH30: =IF($AG30="","",ROUND($AG30*$AH$10,2)) -> 9.6 | AI30: =IF(ISERROR(IF($AF30="","",ROUND(SUM($R30,$AE30,$AH30),2))),"",IF($AF30="","",ROUND(SUM($R30,$AE30,$AH30),2))) -> 71.17 | AJ30: =IF(ISERROR(IF($AF30="","",VLOOKUP(AI30,TRANSMUTATION_TABLE,4,TRUE))),"",IF($AF30="","",VLOOKUP(AI30,TRANSMUTATION_TABLE,4,TRUE))) -> 81
A31: 20 | B31: ='INPUT DATA'!B31 -> Vistar, C-Jay Gomaga | F31: 7 | G31: 3 | H31: 5 | I31: 7 | J31: 7 | K31: 2 | L31: 5 | P31: =IF(COUNT($F31:$O31)=0,"",SUM($F31:$O31)) -> 36 | Q31: =IF(ISERROR(IF($P31="","",ROUND(($P31/$P$10)*$Q$10,2))),"",IF($P31="","",ROUND(($P31/$P$10)*$Q$10,2))) -> 48 | R31: =IF($Q31="","",ROUND($Q31*$R$10,2)) -> 14.4 | S31: 8 | T31: 10 | U31: 9 | V31: 13 | W31: 5 | X31: 9 | AC31: =IF(COUNT($S31:$AB31)=0,"",SUM($S31:$AB31)) -> 54 | AD31: =IF(ISERROR(IF($AC31="","",ROUND(($AC31/$AC$10)*$AD$10,2))),"",IF($AC31="","",ROUND(($AC31/$AC$10)*$AD$10,2))) -> 83.08 | AE31: =IF($AD31="","",ROUND($AD31*$AE$10,2)) -> 41.54 | AF31: 12 | AG31: =IF(ISERROR(IF($AF31="","",ROUND(($AF31/$AF$10)*$AG$10,2))),"",IF($AF31="","",ROUND(($AF31/$AF$10)*$AG$10,2))) -> 24 | AH31: =IF($AG31="","",ROUND($AG31*$AH$10,2)) -> 4.8 | AI31: =IF(ISERROR(IF($AF31="","",ROUND(SUM($R31,$AE31,$AH31),2))),"",IF($AF31="","",ROUND(SUM($R31,$AE31,$AH31),2))) -> 60.74 | AJ31: =IF(ISERROR(IF($AF31="","",VLOOKUP(AI31,TRANSMUTATION_TABLE,4,TRUE))),"",IF($AF31="","",VLOOKUP(AI31,TRANSMUTATION_TABLE,4,TRUE))) -> 75
A32: 21 | B32: ='INPUT DATA'!B32 -> Zapata, Xed Yuan Arcilla | F32: 10 | G32: 9 | H32: 9 | I32: 10 | J32: 9 | K32: 10 | L32: 8 | P32: =IF(COUNT($F32:$O32)=0,"",SUM($F32:$O32)) -> 65 | Q32: =IF(ISERROR(IF($P32="","",ROUND(($P32/$P$10)*$Q$10,2))),"",IF($P32="","",ROUND(($P32/$P$10)*$Q$10,2))) -> 86.67 | R32: =IF($Q32="","",ROUND($Q32*$R$10,2)) -> 26 | S32: 9 | T32: 10 | U32: 8 | V32: 15 | W32: 10 | X32: 9 | AC32: =IF(COUNT($S32:$AB32)=0,"",SUM($S32:$AB32)) -> 61 | AD32: =IF(ISERROR(IF($AC32="","",ROUND(($AC32/$AC$10)*$AD$10,2))),"",IF($AC32="","",ROUND(($AC32/$AC$10)*$AD$10,2))) -> 93.85 | AE32: =IF($AD32="","",ROUND($AD32*$AE$10,2)) -> 46.93 | AF32: 42 | AG32: =IF(ISERROR(IF($AF32="","",ROUND(($AF32/$AF$10)*$AG$10,2))),"",IF($AF32="","",ROUND(($AF32/$AF$10)*$AG$10,2))) -> 84 | AH32: =IF($AG32="","",ROUND($AG32*$AH$10,2)) -> 16.8 | AI32: =IF(ISERROR(IF($AF32="","",ROUND(SUM($R32,$AE32,$AH32),2))),"",IF($AF32="","",ROUND(SUM($R32,$AE32,$AH32),2))) -> 89.73 | AJ32: =IF(ISERROR(IF($AF32="","",VLOOKUP(AI32,TRANSMUTATION_TABLE,4,TRUE))),"",IF($AF32="","",VLOOKUP(AI32,TRANSMUTATION_TABLE,4,TRUE))) -> 93
A33: 22 | B33: ='INPUT DATA'!B33 -> Cardenio, John Henry | F33: 5 | G33: 5 | H33: 5 | I33: 5 | J33: 7 | K33: 9 | L33: 5 | P33: =IF(COUNT($F33:$O33)=0,"",SUM($F33:$O33)) -> 41 | Q33: =IF(ISERROR(IF($P33="","",ROUND(($P33/$P$10)*$Q$10,2))),"",IF($P33="","",ROUND(($P33/$P$10)*$Q$10,2))) -> 54.67 | R33: =IF($Q33="","",ROUND($Q33*$R$10,2)) -> 16.4 | S33: 5 | T33: 5 | U33: 5 | V33: 9 | W33: 8 | X33: 9 | AC33: =IF(COUNT($S33:$AB33)=0,"",SUM($S33:$AB33)) -> 41 | AD33: =IF(ISERROR(IF($AC33="","",ROUND(($AC33/$AC$10)*$AD$10,2))),"",IF($AC33="","",ROUND(($AC33/$AC$10)*$AD$10,2))) -> 63.08 | AE33: =IF($AD33="","",ROUND($AD33*$AE$10,2)) -> 31.54 | AF33: 32 | AG33: =IF(ISERROR(IF($AF33="","",ROUND(($AF33/$AF$10)*$AG$10,2))),"",IF($AF33="","",ROUND(($AF33/$AF$10)*$AG$10,2))) -> 64 | AH33: =IF($AG33="","",ROUND($AG33*$AH$10,2)) -> 12.8 | AI33: =IF(ISERROR(IF($AF33="","",ROUND(SUM($R33,$AE33,$AH33),2))),"",IF($AF33="","",ROUND(SUM($R33,$AE33,$AH33),2))) -> 60.74 | AJ33: =IF(ISERROR(IF($AF33="","",VLOOKUP(AI33,TRANSMUTATION_TABLE,4,TRUE))),"",IF($AF33="","",VLOOKUP(AI33,TRANSMUTATION_TABLE,4,TRUE))) -> 75
A34: 23 | B34: ='INPUT DATA'!B34 -> 0 | P34: =IF(COUNT($F34:$O34)=0,"",SUM($F34:$O34)) | Q34: =IF(ISERROR(IF($P34="","",ROUND(($P34/$P$10)*$Q$10,2))),"",IF($P34="","",ROUND(($P34/$P$10)*$Q$10,2))) | R34: =IF($Q34="","",ROUND($Q34*$R$10,2)) | AC34: =IF(COUNT($S34:$AB34)=0,"",SUM($S34:$AB34)) | AD34: =IF(ISERROR(IF($AC34="","",ROUND(($AC34/$AC$10)*$AD$10,2))),"",IF($AC34="","",ROUND(($AC34/$AC$10)*$AD$10,2))) | AE34: =IF($AD34="","",ROUND($AD34*$AE$10,2)) | AG34: =IF(ISERROR(IF($AF34="","",ROUND(($AF34/$AF$10)*$AG$10,2))),"",IF($AF34="","",ROUND(($AF34/$AF$10)*$AG$10,2))) | AH34: =IF($AG34="","",ROUND($AG34*$AH$10,2)) | AI34: =IF(ISERROR(IF($AF34="","",ROUND(SUM($R34,$AE34,$AH34),2))),"",IF($AF34="","",ROUND(SUM($R34,$AE34,$AH34),2))) | AJ34: =IF(ISERROR(IF($AF34="","",VLOOKUP(AI34,TRANSMUTATION_TABLE,4,TRUE))),"",IF($AF34="","",VLOOKUP(AI34,TRANSMUTATION_TABLE,4,TRUE)))
A35: 24 | B35: ='INPUT DATA'!B35 -> 0 | P35: =IF(COUNT($F35:$O35)=0,"",SUM($F35:$O35)) | Q35: =IF(ISERROR(IF($P35="","",ROUND(($P35/$P$10)*$Q$10,2))),"",IF($P35="","",ROUND(($P35/$P$10)*$Q$10,2))) | R35: =IF($Q35="","",ROUND($Q35*$R$10,2)) | AC35: =IF(COUNT($S35:$AB35)=0,"",SUM($S35:$AB35)) | AD35: =IF(ISERROR(IF($AC35="","",ROUND(($AC35/$AC$10)*$AD$10,2))),"",IF($AC35="","",ROUND(($AC35/$AC$10)*$AD$10,2))) | AE35: =IF($AD35="","",ROUND($AD35*$AE$10,2)) | AG35: =IF(ISERROR(IF($AF35="","",ROUND(($AF35/$AF$10)*$AG$10,2))),"",IF($AF35="","",ROUND(($AF35/$AF$10)*$AG$10,2))) | AH35: =IF($AG35="","",ROUND($AG35*$AH$10,2)) | AI35: =IF(ISERROR(IF($AF35="","",ROUND(SUM($R35,$AE35,$AH35),2))),"",IF($AF35="","",ROUND(SUM($R35,$AE35,$AH35),2))) | AJ35: =IF(ISERROR(IF($AF35="","",VLOOKUP(AI35,TRANSMUTATION_TABLE,4,TRUE))),"",IF($AF35="","",VLOOKUP(AI35,TRANSMUTATION_TABLE,4,TRUE)))
A36: 25 | B36: ='INPUT DATA'!B36 -> 0 | P36: =IF(COUNT($F36:$O36)=0,"",SUM($F36:$O36)) | Q36: =IF(ISERROR(IF($P36="","",ROUND(($P36/$P$10)*$Q$10,2))),"",IF($P36="","",ROUND(($P36/$P$10)*$Q$10,2))) | R36: =IF($Q36="","",ROUND($Q36*$R$10,2)) | AC36: =IF(COUNT($S36:$AB36)=0,"",SUM($S36:$AB36)) | AD36: =IF(ISERROR(IF($AC36="","",ROUND(($AC36/$AC$10)*$AD$10,2))),"",IF($AC36="","",ROUND(($AC36/$AC$10)*$AD$10,2))) | AE36: =IF($AD36="","",ROUND($AD36*$AE$10,2)) | AG36: =IF(ISERROR(IF($AF36="","",ROUND(($AF36/$AF$10)*$AG$10,2))),"",IF($AF36="","",ROUND(($AF36/$AF$10)*$AG$10,2))) | AH36: =IF($AG36="","",ROUND($AG36*$AH$10,2)) | AI36: =IF(ISERROR(IF($AF36="","",ROUND(SUM($R36,$AE36,$AH36),2))),"",IF($AF36="","",ROUND(SUM($R36,$AE36,$AH36),2))) | AJ36: =IF(ISERROR(IF($AF36="","",VLOOKUP(AI36,TRANSMUTATION_TABLE,4,TRUE))),"",IF($AF36="","",VLOOKUP(AI36,TRANSMUTATION_TABLE,4,TRUE)))
A37: 26 | B37: ='INPUT DATA'!B37 -> 0 | P37: =IF(COUNT($F37:$O37)=0,"",SUM($F37:$O37)) | Q37: =IF(ISERROR(IF($P37="","",ROUND(($P37/$P$10)*$Q$10,2))),"",IF($P37="","",ROUND(($P37/$P$10)*$Q$10,2))) | R37: =IF($Q37="","",ROUND($Q37*$R$10,2)) | AC37: =IF(COUNT($S37:$AB37)=0,"",SUM($S37:$AB37)) | AD37: =IF(ISERROR(IF($AC37="","",ROUND(($AC37/$AC$10)*$AD$10,2))),"",IF($AC37="","",ROUND(($AC37/$AC$10)*$AD$10,2))) | AE37: =IF($AD37="","",ROUND($AD37*$AE$10,2)) | AG37: =IF(ISERROR(IF($AF37="","",ROUND(($AF37/$AF$10)*$AG$10,2))),"",IF($AF37="","",ROUND(($AF37/$AF$10)*$AG$10,2))) | AH37: =IF($AG37="","",ROUND($AG37*$AH$10,2)) | AI37: =IF(ISERROR(IF($AF37="","",ROUND(SUM($R37,$AE37,$AH37),2))),"",IF($AF37="","",ROUND(SUM($R37,$AE37,$AH37),2))) | AJ37: =IF(ISERROR(IF($AF37="","",VLOOKUP(AI37,TRANSMUTATION_TABLE,4,TRUE))),"",IF($AF37="","",VLOOKUP(AI37,TRANSMUTATION_TABLE,4,TRUE)))
A38: 27 | B38: ='INPUT DATA'!B38 -> 0 | P38: =IF(COUNT($F38:$O38)=0,"",SUM($F38:$O38)) | Q38: =IF(ISERROR(IF($P38="","",ROUND(($P38/$P$10)*$Q$10,2))),"",IF($P38="","",ROUND(($P38/$P$10)*$Q$10,2))) | R38: =IF($Q38="","",ROUND($Q38*$R$10,2)) | AC38: =IF(COUNT($S38:$AB38)=0,"",SUM($S38:$AB38)) | AD38: =IF(ISERROR(IF($AC38="","",ROUND(($AC38/$AC$10)*$AD$10,2))),"",IF($AC38="","",ROUND(($AC38/$AC$10)*$AD$10,2))) | AE38: =IF($AD38="","",ROUND($AD38*$AE$10,2)) | AG38: =IF(ISERROR(IF($AF38="","",ROUND(($AF38/$AF$10)*$AG$10,2))),"",IF($AF38="","",ROUND(($AF38/$AF$10)*$AG$10,2))) | AH38: =IF($AG38="","",ROUND($AG38*$AH$10,2)) | AI38: =IF(ISERROR(IF($AF38="","",ROUND(SUM($R38,$AE38,$AH38),2))),"",IF($AF38="","",ROUND(SUM($R38,$AE38,$AH38),2))) | AJ38: =IF(ISERROR(IF($AF38="","",VLOOKUP(AI38,TRANSMUTATION_TABLE,4,TRUE))),"",IF($AF38="","",VLOOKUP(AI38,TRANSMUTATION_TABLE,4,TRUE)))
A39: 28 | B39: ='INPUT DATA'!B39 -> 0 | P39: =IF(COUNT($F39:$O39)=0,"",SUM($F39:$O39)) | Q39: =IF(ISERROR(IF($P39="","",ROUND(($P39/$P$10)*$Q$10,2))),"",IF($P39="","",ROUND(($P39/$P$10)*$Q$10,2))) | R39: =IF($Q39="","",ROUND($Q39*$R$10,2)) | AC39: =IF(COUNT($S39:$AB39)=0,"",SUM($S39:$AB39)) | AD39: =IF(ISERROR(IF($AC39="","",ROUND(($AC39/$AC$10)*$AD$10,2))),"",IF($AC39="","",ROUND(($AC39/$AC$10)*$AD$10,2))) | AE39: =IF($AD39="","",ROUND($AD39*$AE$10,2)) | AG39: =IF(ISERROR(IF($AF39="","",ROUND(($AF39/$AF$10)*$AG$10,2))),"",IF($AF39="","",ROUND(($AF39/$AF$10)*$AG$10,2))) | AH39: =IF($AG39="","",ROUND($AG39*$AH$10,2)) | AI39: =IF(ISERROR(IF($AF39="","",ROUND(SUM($R39,$AE39,$AH39),2))),"",IF($AF39="","",ROUND(SUM($R39,$AE39,$AH39),2))) | AJ39: =IF(ISERROR(IF($AF39="","",VLOOKUP(AI39,TRANSMUTATION_TABLE,4,TRUE))),"",IF($AF39="","",VLOOKUP(AI39,TRANSMUTATION_TABLE,4,TRUE)))
A40: 29 | B40: ='INPUT DATA'!B40 -> 0 | P40: =IF(COUNT($F40:$O40)=0,"",SUM($F40:$O40)) | Q40: =IF(ISERROR(IF($P40="","",ROUND(($P40/$P$10)*$Q$10,2))),"",IF($P40="","",ROUND(($P40/$P$10)*$Q$10,2))) | R40: =IF($Q40="","",ROUND($Q40*$R$10,2)) | AC40: =IF(COUNT($S40:$AB40)=0,"",SUM($S40:$AB40)) | AD40: =IF(ISERROR(IF($AC40="","",ROUND(($AC40/$AC$10)*$AD$10,2))),"",IF($AC40="","",ROUND(($AC40/$AC$10)*$AD$10,2))) | AE40: =IF($AD40="","",ROUND($AD40*$AE$10,2)) | AG40: =IF(ISERROR(IF($AF40="","",ROUND(($AF40/$AF$10)*$AG$10,2))),"",IF($AF40="","",ROUND(($AF40/$AF$10)*$AG$10,2))) | AH40: =IF($AG40="","",ROUND($AG40*$AH$10,2)) | AI40: =IF(ISERROR(IF($AF40="","",ROUND(SUM($R40,$AE40,$AH40),2))),"",IF($AF40="","",ROUND(SUM($R40,$AE40,$AH40),2))) | AJ40: =IF(ISERROR(IF($AF40="","",VLOOKUP(AI40,TRANSMUTATION_TABLE,4,TRUE))),"",IF($AF40="","",VLOOKUP(AI40,TRANSMUTATION_TABLE,4,TRUE)))
A41: 30 | B41: ='INPUT DATA'!B41 -> 0 | P41: =IF(COUNT($F41:$O41)=0,"",SUM($F41:$O41)) | Q41: =IF(ISERROR(IF($P41="","",ROUND(($P41/$P$10)*$Q$10,2))),"",IF($P41="","",ROUND(($P41/$P$10)*$Q$10,2))) | R41: =IF($Q41="","",ROUND($Q41*$R$10,2)) | AC41: =IF(COUNT($S41:$AB41)=0,"",SUM($S41:$AB41)) | AD41: =IF(ISERROR(IF($AC41="","",ROUND(($AC41/$AC$10)*$AD$10,2))),"",IF($AC41="","",ROUND(($AC41/$AC$10)*$AD$10,2))) | AE41: =IF($AD41="","",ROUND($AD41*$AE$10,2)) | AG41: =IF(ISERROR(IF($AF41="","",ROUND(($AF41/$AF$10)*$AG$10,2))),"",IF($AF41="","",ROUND(($AF41/$AF$10)*$AG$10,2))) | AH41: =IF($AG41="","",ROUND($AG41*$AH$10,2)) | AI41: =IF(ISERROR(IF($AF41="","",ROUND(SUM($R41,$AE41,$AH41),2))),"",IF($AF41="","",ROUND(SUM($R41,$AE41,$AH41),2))) | AJ41: =IF(ISERROR(IF($AF41="","",VLOOKUP(AI41,TRANSMUTATION_TABLE,4,TRUE))),"",IF($AF41="","",VLOOKUP(AI41,TRANSMUTATION_TABLE,4,TRUE)))
A42: 31 | B42: ='INPUT DATA'!B42 -> 0 | P42: =IF(COUNT($F42:$O42)=0,"",SUM($F42:$O42)) | Q42: =IF(ISERROR(IF($P42="","",ROUND(($P42/$P$10)*$Q$10,2))),"",IF($P42="","",ROUND(($P42/$P$10)*$Q$10,2))) | R42: =IF($Q42="","",ROUND($Q42*$R$10,2)) | AC42: =IF(COUNT($S42:$AB42)=0,"",SUM($S42:$AB42)) | AD42: =IF(ISERROR(IF($AC42="","",ROUND(($AC42/$AC$10)*$AD$10,2))),"",IF($AC42="","",ROUND(($AC42/$AC$10)*$AD$10,2))) | AE42: =IF($AD42="","",ROUND($AD42*$AE$10,2)) | AG42: =IF(ISERROR(IF($AF42="","",ROUND(($AF42/$AF$10)*$AG$10,2))),"",IF($AF42="","",ROUND(($AF42/$AF$10)*$AG$10,2))) | AH42: =IF($AG42="","",ROUND($AG42*$AH$10,2)) | AI42: =IF(ISERROR(IF($AF42="","",ROUND(SUM($R42,$AE42,$AH42),2))),"",IF($AF42="","",ROUND(SUM($R42,$AE42,$AH42),2))) | AJ42: =IF(ISERROR(IF($AF42="","",VLOOKUP(AI42,TRANSMUTATION_TABLE,4,TRUE))),"",IF($AF42="","",VLOOKUP(AI42,TRANSMUTATION_TABLE,4,TRUE)))
A43: 32 | B43: ='INPUT DATA'!B43 -> 0 | P43: =IF(COUNT($F43:$O43)=0,"",SUM($F43:$O43)) | Q43: =IF(ISERROR(IF($P43="","",ROUND(($P43/$P$10)*$Q$10,2))),"",IF($P43="","",ROUND(($P43/$P$10)*$Q$10,2))) | R43: =IF($Q43="","",ROUND($Q43*$R$10,2)) | AC43: =IF(COUNT($S43:$AB43)=0,"",SUM($S43:$AB43)) | AD43: =IF(ISERROR(IF($AC43="","",ROUND(($AC43/$AC$10)*$AD$10,2))),"",IF($AC43="","",ROUND(($AC43/$AC$10)*$AD$10,2))) | AE43: =IF($AD43="","",ROUND($AD43*$AE$10,2)) | AG43: =IF(ISERROR(IF($AF43="","",ROUND(($AF43/$AF$10)*$AG$10,2))),"",IF($AF43="","",ROUND(($AF43/$AF$10)*$AG$10,2))) | AH43: =IF($AG43="","",ROUND($AG43*$AH$10,2)) | AI43: =IF(ISERROR(IF($AF43="","",ROUND(SUM($R43,$AE43,$AH43),2))),"",IF($AF43="","",ROUND(SUM($R43,$AE43,$AH43),2))) | AJ43: =IF(ISERROR(IF($AF43="","",VLOOKUP(AI43,TRANSMUTATION_TABLE,4,TRUE))),"",IF($AF43="","",VLOOKUP(AI43,TRANSMUTATION_TABLE,4,TRUE)))
A44: 33 | B44: ='INPUT DATA'!B44 -> 0 | P44: =IF(COUNT($F44:$O44)=0,"",SUM($F44:$O44)) | Q44: =IF(ISERROR(IF($P44="","",ROUND(($P44/$P$10)*$Q$10,2))),"",IF($P44="","",ROUND(($P44/$P$10)*$Q$10,2))) | R44: =IF($Q44="","",ROUND($Q44*$R$10,2)) | AC44: =IF(COUNT($S44:$AB44)=0,"",SUM($S44:$AB44)) | AD44: =IF(ISERROR(IF($AC44="","",ROUND(($AC44/$AC$10)*$AD$10,2))),"",IF($AC44="","",ROUND(($AC44/$AC$10)*$AD$10,2))) | AE44: =IF($AD44="","",ROUND($AD44*$AE$10,2)) | AG44: =IF(ISERROR(IF($AF44="","",ROUND(($AF44/$AF$10)*$AG$10,2))),"",IF($AF44="","",ROUND(($AF44/$AF$10)*$AG$10,2))) | AH44: =IF($AG44="","",ROUND($AG44*$AH$10,2)) | AI44: =IF(ISERROR(IF($AF44="","",ROUND(SUM($R44,$AE44,$AH44),2))),"",IF($AF44="","",ROUND(SUM($R44,$AE44,$AH44),2))) | AJ44: =IF(ISERROR(IF($AF44="","",VLOOKUP(AI44,TRANSMUTATION_TABLE,4,TRUE))),"",IF($AF44="","",VLOOKUP(AI44,TRANSMUTATION_TABLE,4,TRUE)))
A45: 34 | B45: ='INPUT DATA'!B45 -> 0 | P45: =IF(COUNT($F45:$O45)=0,"",SUM($F45:$O45)) | Q45: =IF(ISERROR(IF($P45="","",ROUND(($P45/$P$10)*$Q$10,2))),"",IF($P45="","",ROUND(($P45/$P$10)*$Q$10,2))) | R45: =IF($Q45="","",ROUND($Q45*$R$10,2)) | AC45: =IF(COUNT($S45:$AB45)=0,"",SUM($S45:$AB45)) | AD45: =IF(ISERROR(IF($AC45="","",ROUND(($AC45/$AC$10)*$AD$10,2))),"",IF($AC45="","",ROUND(($AC45/$AC$10)*$AD$10,2))) | AE45: =IF($AD45="","",ROUND($AD45*$AE$10,2)) | AG45: =IF(ISERROR(IF($AF45="","",ROUND(($AF45/$AF$10)*$AG$10,2))),"",IF($AF45="","",ROUND(($AF45/$AF$10)*$AG$10,2))) | AH45: =IF($AG45="","",ROUND($AG45*$AH$10,2)) | AI45: =IF(ISERROR(IF($AF45="","",ROUND(SUM($R45,$AE45,$AH45),2))),"",IF($AF45="","",ROUND(SUM($R45,$AE45,$AH45),2))) | AJ45: =IF(ISERROR(IF($AF45="","",VLOOKUP(AI45,TRANSMUTATION_TABLE,4,TRUE))),"",IF($AF45="","",VLOOKUP(AI45,TRANSMUTATION_TABLE,4,TRUE)))
... A61: 50 | B61: ='INPUT DATA'!B61 -> 0 | P61: =IF(COUNT($F61:$O61)=0,"",SUM($F61:$O61)) | Q61: =IF(ISERROR(IF($P61="","",ROUND(($P61/$P$10)*$Q$10,2))),"",IF($P61="","",ROUND(($P61/$P$10)*$Q$10,2))) | R61: =IF($Q61="","",ROUND($Q61*$R$10,2)) | AC61: =IF(COUNT($S61:$AB61)=0,"",SUM($S61:$AB61)) | AD61: =IF(ISERROR(IF($AC61="","",ROUND(($AC61/$AC$10)*$AD$10,2))),"",IF($AC61="","",ROUND(($AC61/$AC$10)*$AD$10,2))) | AE61: =IF($AD61="","",ROUND($AD61*$AE$10,2)) | AG61: =IF(ISERROR(IF($AF61="","",ROUND(($AF61/$AF$10)*$AG$10,2))),"",IF($AF61="","",ROUND(($AF61/$AF$10)*$AG$10,2))) | AH61: =IF($AG61="","",ROUND($AG61*$AH$10,2)) | AI61: =IF(ISERROR(IF($AF61="","",ROUND(SUM($R61,$AE61,$AH61),2))),"",IF($AF61="","",ROUND(SUM($R61,$AE61,$AH61),2))) | AJ61: =IF(ISERROR(IF($AF61="","",VLOOKUP(AI61,TRANSMUTATION_TABLE,4,TRUE))),"",IF($AF61="","",VLOOKUP(AI61,TRANSMUTATION_TABLE,4,TRUE)))
B62: FEMALE
A63: 1 | B63: ='INPUT DATA'!B63 -> Azuelo,Jenn Mae Abenierra | F63: 8 | G63: 15 | H63: 2 | I63: 10 | J63: 2 | K63: 10 | L63: 2 | P63: =IF(COUNT($F63:$O63)=0,"",SUM($F63:$O63)) -> 49 | Q63: =IF(ISERROR(IF($P63="","",ROUND(($P63/$P$10)*$Q$10,2))),"",IF($P63="","",ROUND(($P63/$P$10)*$Q$10,2))) -> 65.33 | R63: =IF($Q63="","",ROUND($Q63*$R$10,2)) -> 19.6 | S63: 7 | T63: 2 | U63: 5 | V63: 11 | W63: 2 | X63: 10 | AC63: =IF(COUNT($S63:$AB63)=0,"",SUM($S63:$AB63)) -> 37 | AD63: =IF(ISERROR(IF($AC63="","",ROUND(($AC63/$AC$10)*$AD$10,2))),"",IF($AC63="","",ROUND(($AC63/$AC$10)*$AD$10,2))) -> 56.92 | AE63: =IF($AD63="","",ROUND($AD63*$AE$10,2)) -> 28.46 | AF63: 36 | AG63: =IF(ISERROR(IF($AF63="","",ROUND(($AF63/$AF$10)*$AG$10,2))),"",IF($AF63="","",ROUND(($AF63/$AF$10)*$AG$10,2))) -> 72 | AH63: =IF($AG63="","",ROUND($AG63*$AH$10,2)) -> 14.4 | AI63: =IF(ISERROR(IF($AF63="","",ROUND(SUM($R63,$AE63,$AH63),2))),"",IF($AF63="","",ROUND(SUM($R63,$AE63,$AH63),2))) -> 62.46 | AJ63: =IF(ISERROR(IF($AF63="","",VLOOKUP(AI63,TRANSMUTATION_TABLE,4,TRUE))),"",IF($AF63="","",VLOOKUP(AI63,TRANSMUTATION_TABLE,4,TRUE))) -> 76
A64: 2 | B64: ='INPUT DATA'!B64 -> Buan, Maria Dyniss | F64: 8 | G64: 11 | H64: 9 | I64: 9 | J64: 2 | K64: 10 | L64: 6 | P64: =IF(COUNT($F64:$O64)=0,"",SUM($F64:$O64)) -> 55 | Q64: =IF(ISERROR(IF($P64="","",ROUND(($P64/$P$10)*$Q$10,2))),"",IF($P64="","",ROUND(($P64/$P$10)*$Q$10,2))) -> 73.33 | R64: =IF($Q64="","",ROUND($Q64*$R$10,2)) -> 22 | S64: 7 | T64: 10 | U64: 10 | V64: 12 | W64: 2 | X64: 9 | AC64: =IF(COUNT($S64:$AB64)=0,"",SUM($S64:$AB64)) -> 50 | AD64: =IF(ISERROR(IF($AC64="","",ROUND(($AC64/$AC$10)*$AD$10,2))),"",IF($AC64="","",ROUND(($AC64/$AC$10)*$AD$10,2))) -> 76.92 | AE64: =IF($AD64="","",ROUND($AD64*$AE$10,2)) -> 38.46 | AF64: 33 | AG64: =IF(ISERROR(IF($AF64="","",ROUND(($AF64/$AF$10)*$AG$10,2))),"",IF($AF64="","",ROUND(($AF64/$AF$10)*$AG$10,2))) -> 66 | AH64: =IF($AG64="","",ROUND($AG64*$AH$10,2)) -> 13.2 | AI64: =IF(ISERROR(IF($AF64="","",ROUND(SUM($R64,$AE64,$AH64),2))),"",IF($AF64="","",ROUND(SUM($R64,$AE64,$AH64),2))) -> 73.66 | AJ64: =IF(ISERROR(IF($AF64="","",VLOOKUP(AI64,TRANSMUTATION_TABLE,4,TRUE))),"",IF($AF64="","",VLOOKUP(AI64,TRANSMUTATION_TABLE,4,TRUE))) -> 83
A65: 3 | B65: ='INPUT DATA'!B65 -> Bujala, Jaylovelyn Mabini | F65: 9 | G65: 11 | H65: 10 | I65: 9 | J65: 9 | K65: 8 | L65: 8 | P65: =IF(COUNT($F65:$O65)=0,"",SUM($F65:$O65)) -> 64 | Q65: =IF(ISERROR(IF($P65="","",ROUND(($P65/$P$10)*$Q$10,2))),"",IF($P65="","",ROUND(($P65/$P$10)*$Q$10,2))) -> 85.33 | R65: =IF($Q65="","",ROUND($Q65*$R$10,2)) -> 25.6 | S65: 8 | T65: 10 | U65: 8 | V65: 14 | W65: 9 | X65: 9 | AC65: =IF(COUNT($S65:$AB65)=0,"",SUM($S65:$AB65)) -> 58 | AD65: =IF(ISERROR(IF($AC65="","",ROUND(($AC65/$AC$10)*$AD$10,2))),"",IF($AC65="","",ROUND(($AC65/$AC$10)*$AD$10,2))) -> 89.23 | AE65: =IF($AD65="","",ROUND($AD65*$AE$10,2)) -> 44.62 | AF65: 40 | AG65: =IF(ISERROR(IF($AF65="","",ROUND(($AF65/$AF$10)*$AG$10,2))),"",IF($AF65="","",ROUND(($AF65/$AF$10)*$AG$10,2))) -> 80 | AH65: =IF($AG65="","",ROUND($AG65*$AH$10,2)) -> 16 | AI65: =IF(ISERROR(IF($AF65="","",ROUND(SUM($R65,$AE65,$AH65),2))),"",IF($AF65="","",ROUND(SUM($R65,$AE65,$AH65),2))) -> 86.22 | AJ65: =IF(ISERROR(IF($AF65="","",VLOOKUP(AI65,TRANSMUTATION_TABLE,4,TRUE))),"",IF($AF65="","",VLOOKUP(AI65,TRANSMUTATION_TABLE,4,TRUE))) -> 91
A66: 4 | B66: ='INPUT DATA'!B66 -> Canete Nieran Alinsuas | F66: 9 | G66: 15 | H66: 10 | I66: 10 | J66: 9 | K66: 10 | L66: 10 | P66: =IF(COUNT($F66:$O66)=0,"",SUM($F66:$O66)) -> 73 | Q66: =IF(ISERROR(IF($P66="","",ROUND(($P66/$P$10)*$Q$10,2))),"",IF($P66="","",ROUND(($P66/$P$10)*$Q$10,2))) -> 97.33 | R66: =IF($Q66="","",ROUND($Q66*$R$10,2)) -> 29.2 | S66: 8 | T66: 10 | U66: 8 | V66: 13 | W66: 2 | X66: 9 | AC66: =IF(COUNT($S66:$AB66)=0,"",SUM($S66:$AB66)) -> 50 | AD66: =IF(ISERROR(IF($AC66="","",ROUND(($AC66/$AC$10)*$AD$10,2))),"",IF($AC66="","",ROUND(($AC66/$AC$10)*$AD$10,2))) -> 76.92 | AE66: =IF($AD66="","",ROUND($AD66*$AE$10,2)) -> 38.46 | AF66: 36 | AG66: =IF(ISERROR(IF($AF66="","",ROUND(($AF66/$AF$10)*$AG$10,2))),"",IF($AF66="","",ROUND(($AF66/$AF$10)*$AG$10,2))) -> 72 | AH66: =IF($AG66="","",ROUND($AG66*$AH$10,2)) -> 14.4 | AI66: =IF(ISERROR(IF($AF66="","",ROUND(SUM($R66,$AE66,$AH66),2))),"",IF($AF66="","",ROUND(SUM($R66,$AE66,$AH66),2))) -> 82.06 | AJ66: =IF(ISERROR(IF($AF66="","",VLOOKUP(AI66,TRANSMUTATION_TABLE,4,TRUE))),"",IF($AF66="","",VLOOKUP(AI66,TRANSMUTATION_TABLE,4,TRUE))) -> 88
A67: 5 | B67: ='INPUT DATA'!B67 -> Canlapan Mayline | F67: 8 | G67: 4 | H67: 2 | I67: 9 | J67: 8 | K67: 10 | L67: 6 | P67: =IF(COUNT($F67:$O67)=0,"",SUM($F67:$O67)) -> 47 | Q67: =IF(ISERROR(IF($P67="","",ROUND(($P67/$P$10)*$Q$10,2))),"",IF($P67="","",ROUND(($P67/$P$10)*$Q$10,2))) -> 62.67 | R67: =IF($Q67="","",ROUND($Q67*$R$10,2)) -> 18.8 | S67: 6 | T67: 5 | U67: 10 | V67: 11 | W67: 5 | X67: 9 | AC67: =IF(COUNT($S67:$AB67)=0,"",SUM($S67:$AB67)) -> 46 | AD67: =IF(ISERROR(IF($AC67="","",ROUND(($AC67/$AC$10)*$AD$10,2))),"",IF($AC67="","",ROUND(($AC67/$AC$10)*$AD$10,2))) -> 70.77 | AE67: =IF($AD67="","",ROUND($AD67*$AE$10,2)) -> 35.39 | AF67: 24 | AG67: =IF(ISERROR(IF($AF67="","",ROUND(($AF67/$AF$10)*$AG$10,2))),"",IF($AF67="","",ROUND(($AF67/$AF$10)*$AG$10,2))) -> 48 | AH67: =IF($AG67="","",ROUND($AG67*$AH$10,2)) -> 9.6 | AI67: =IF(ISERROR(IF($AF67="","",ROUND(SUM($R67,$AE67,$AH67),2))),"",IF($AF67="","",ROUND(SUM($R67,$AE67,$AH67),2))) -> 63.79 | AJ67: =IF(ISERROR(IF($AF67="","",VLOOKUP(AI67,TRANSMUTATION_TABLE,4,TRUE))),"",IF($AF67="","",VLOOKUP(AI67,TRANSMUTATION_TABLE,4,TRUE))) -> 77
A68: 6 | B68: ='INPUT DATA'!B68 -> Caoleng Simoune Gabrielle | F68: 9 | G68: 11 | H68: 10 | I68: 10 | J68: 9 | K68: 8 | L68: 10 | P68: =IF(COUNT($F68:$O68)=0,"",SUM($F68:$O68)) -> 67 | Q68: =IF(ISERROR(IF($P68="","",ROUND(($P68/$P$10)*$Q$10,2))),"",IF($P68="","",ROUND(($P68/$P$10)*$Q$10,2))) -> 89.33 | R68: =IF($Q68="","",ROUND($Q68*$R$10,2)) -> 26.8 | S68: 9 | T68: 10 | U68: 10 | V68: 12 | W68: 9 | X68: 9 | AC68: =IF(COUNT($S68:$AB68)=0,"",SUM($S68:$AB68)) -> 59 | AD68: =IF(ISERROR(IF($AC68="","",ROUND(($AC68/$AC$10)*$AD$10,2))),"",IF($AC68="","",ROUND(($AC68/$AC$10)*$AD$10,2))) -> 90.77 | AE68: =IF($AD68="","",ROUND($AD68*$AE$10,2)) -> 45.39 | AF68: 40 | AG68: =IF(ISERROR(IF($AF68="","",ROUND(($AF68/$AF$10)*$AG$10,2))),"",IF($AF68="","",ROUND(($AF68/$AF$10)*$AG$10,2))) -> 80 | AH68: =IF($AG68="","",ROUND($AG68*$AH$10,2)) -> 16 | AI68: =IF(ISERROR(IF($AF68="","",ROUND(SUM($R68,$AE68,$AH68),2))),"",IF($AF68="","",ROUND(SUM($R68,$AE68,$AH68),2))) -> 88.19 | AJ68: =IF(ISERROR(IF($AF68="","",VLOOKUP(AI68,TRANSMUTATION_TABLE,4,TRUE))),"",IF($AF68="","",VLOOKUP(AI68,TRANSMUTATION_TABLE,4,TRUE))) -> 92
A69: 7 | B69: ='INPUT DATA'!B69 -> De Leon Jannadhine Breboneria | F69: 8 | G69: 7 | H69: 10 | I69: 8 | J69: 3 | K69: 10 | L69: 7 | P69: =IF(COUNT($F69:$O69)=0,"",SUM($F69:$O69)) -> 53 | Q69: =IF(ISERROR(IF($P69="","",ROUND(($P69/$P$10)*$Q$10,2))),"",IF($P69="","",ROUND(($P69/$P$10)*$Q$10,2))) -> 70.67 | R69: =IF($Q69="","",ROUND($Q69*$R$10,2)) -> 21.2 | S69: 7 | T69: 10 | U69: 5 | V69: 13 | W69: 7 | X69: 9 | AC69: =IF(COUNT($S69:$AB69)=0,"",SUM($S69:$AB69)) -> 51 | AD69: =IF(ISERROR(IF($AC69="","",ROUND(($AC69/$AC$10)*$AD$10,2))),"",IF($AC69="","",ROUND(($AC69/$AC$10)*$AD$10,2))) -> 78.46 | AE69: =IF($AD69="","",ROUND($AD69*$AE$10,2)) -> 39.23 | AF69: 32 | AG69: =IF(ISERROR(IF($AF69="","",ROUND(($AF69/$AF$10)*$AG$10,2))),"",IF($AF69="","",ROUND(($AF69/$AF$10)*$AG$10,2))) -> 64 | AH69: =IF($AG69="","",ROUND($AG69*$AH$10,2)) -> 12.8 | AI69: =IF(ISERROR(IF($AF69="","",ROUND(SUM($R69,$AE69,$AH69),2))),"",IF($AF69="","",ROUND(SUM($R69,$AE69,$AH69),2))) -> 73.23 | AJ69: =IF(ISERROR(IF($AF69="","",VLOOKUP(AI69,TRANSMUTATION_TABLE,4,TRUE))),"",IF($AF69="","",VLOOKUP(AI69,TRANSMUTATION_TABLE,4,TRUE))) -> 83
A70: 8 | B70: ='INPUT DATA'!B70 -> Enriquez, Kyrie Haboc | F70: 9 | G70: 13 | H70: 2 | I70: 9 | J70: 9 | K70: 10 | L70: 2 | P70: =IF(COUNT($F70:$O70)=0,"",SUM($F70:$O70)) -> 54 | Q70: =IF(ISERROR(IF($P70="","",ROUND(($P70/$P$10)*$Q$10,2))),"",IF($P70="","",ROUND(($P70/$P$10)*$Q$10,2))) -> 72 | R70: =IF($Q70="","",ROUND($Q70*$R$10,2)) -> 21.6 | S70: 8 | T70: 2 | U70: 5 | V70: 13 | W70: 10 | X70: 9 | AC70: =IF(COUNT($S70:$AB70)=0,"",SUM($S70:$AB70)) -> 47 | AD70: =IF(ISERROR(IF($AC70="","",ROUND(($AC70/$AC$10)*$AD$10,2))),"",IF($AC70="","",ROUND(($AC70/$AC$10)*$AD$10,2))) -> 72.31 | AE70: =IF($AD70="","",ROUND($AD70*$AE$10,2)) -> 36.16 | AF70: 34 | AG70: =IF(ISERROR(IF($AF70="","",ROUND(($AF70/$AF$10)*$AG$10,2))),"",IF($AF70="","",ROUND(($AF70/$AF$10)*$AG$10,2))) -> 68 | AH70: =IF($AG70="","",ROUND($AG70*$AH$10,2)) -> 13.6 | AI70: =IF(ISERROR(IF($AF70="","",ROUND(SUM($R70,$AE70,$AH70),2))),"",IF($AF70="","",ROUND(SUM($R70,$AE70,$AH70),2))) -> 71.36 | AJ70: =IF(ISERROR(IF($AF70="","",VLOOKUP(AI70,TRANSMUTATION_TABLE,4,TRUE))),"",IF($AF70="","",VLOOKUP(AI70,TRANSMUTATION_TABLE,4,TRUE))) -> 82
A71: 9 | B71: ='INPUT DATA'!B71 -> Estimada, Keiko | F71: 8 | G71: 12 | H71: 10 | I71: 9 | J71: 9 | K71: 8 | L71: 10 | P71: =IF(COUNT($F71:$O71)=0,"",SUM($F71:$O71)) -> 66 | Q71: =IF(ISERROR(IF($P71="","",ROUND(($P71/$P$10)*$Q$10,2))),"",IF($P71="","",ROUND(($P71/$P$10)*$Q$10,2))) -> 88 | R71: =IF($Q71="","",ROUND($Q71*$R$10,2)) -> 26.4 | S71: 7 | T71: 10 | U71: 9 | V71: 13 | W71: 5 | X71: 9 | AC71: =IF(COUNT($S71:$AB71)=0,"",SUM($S71:$AB71)) -> 53 | AD71: =IF(ISERROR(IF($AC71="","",ROUND(($AC71/$AC$10)*$AD$10,2))),"",IF($AC71="","",ROUND(($AC71/$AC$10)*$AD$10,2))) -> 81.54 | AE71: =IF($AD71="","",ROUND($AD71*$AE$10,2)) -> 40.77 | AF71: 36 | AG71: =IF(ISERROR(IF($AF71="","",ROUND(($AF71/$AF$10)*$AG$10,2))),"",IF($AF71="","",ROUND(($AF71/$AF$10)*$AG$10,2))) -> 72 | AH71: =IF($AG71="","",ROUND($AG71*$AH$10,2)) -> 14.4 | AI71: =IF(ISERROR(IF($AF71="","",ROUND(SUM($R71,$AE71,$AH71),2))),"",IF($AF71="","",ROUND(SUM($R71,$AE71,$AH71),2))) -> 81.57 | AJ71: =IF(ISERROR(IF($AF71="","",VLOOKUP(AI71,TRANSMUTATION_TABLE,4,TRUE))),"",IF($AF71="","",VLOOKUP(AI71,TRANSMUTATION_TABLE,4,TRUE))) -> 88
A72: 10 | B72: ='INPUT DATA'!B72 -> Flores, Nicole Faith Icban | F72: 9 | G72: 12 | H72: 8 | I72: 10 | J72: 2 | K72: 10 | L72: 10 | P72: =IF(COUNT($F72:$O72)=0,"",SUM($F72:$O72)) -> 61 | Q72: =IF(ISERROR(IF($P72="","",ROUND(($P72/$P$10)*$Q$10,2))),"",IF($P72="","",ROUND(($P72/$P$10)*$Q$10,2))) -> 81.33 | R72: =IF($Q72="","",ROUND($Q72*$R$10,2)) -> 24.4 | S72: 9 | T72: 2 | U72: 9 | V72: 14 | W72: 9 | X72: 9 | AC72: =IF(COUNT($S72:$AB72)=0,"",SUM($S72:$AB72)) -> 52 | AD72: =IF(ISERROR(IF($AC72="","",ROUND(($AC72/$AC$10)*$AD$10,2))),"",IF($AC72="","",ROUND(($AC72/$AC$10)*$AD$10,2))) -> 80 | AE72: =IF($AD72="","",ROUND($AD72*$AE$10,2)) -> 40 | AF72: 38 | AG72: =IF(ISERROR(IF($AF72="","",ROUND(($AF72/$AF$10)*$AG$10,2))),"",IF($AF72="","",ROUND(($AF72/$AF$10)*$AG$10,2))) -> 76 | AH72: =IF($AG72="","",ROUND($AG72*$AH$10,2)) -> 15.2 | AI72: =IF(ISERROR(IF($AF72="","",ROUND(SUM($R72,$AE72,$AH72),2))),"",IF($AF72="","",ROUND(SUM($R72,$AE72,$AH72),2))) -> 79.6 | AJ72: =IF(ISERROR(IF($AF72="","",VLOOKUP(AI72,TRANSMUTATION_TABLE,4,TRUE))),"",IF($AF72="","",VLOOKUP(AI72,TRANSMUTATION_TABLE,4,TRUE))) -> 87
A73: 11 | B73: ='INPUT DATA'!B73 -> Gabiano, Zyree | F73: 9 | G73: 6 | H73: 8 | I73: 9 | J73: 8 | K73: 9 | L73: 5 | P73: =IF(COUNT($F73:$O73)=0,"",SUM($F73:$O73)) -> 54 | Q73: =IF(ISERROR(IF($P73="","",ROUND(($P73/$P$10)*$Q$10,2))),"",IF($P73="","",ROUND(($P73/$P$10)*$Q$10,2))) -> 72 | R73: =IF($Q73="","",ROUND($Q73*$R$10,2)) -> 21.6 | S73: 8 | T73: 5 | U73: 9 | V73: 12 | W73: 7 | X73: 6 | AC73: =IF(COUNT($S73:$AB73)=0,"",SUM($S73:$AB73)) -> 47 | AD73: =IF(ISERROR(IF($AC73="","",ROUND(($AC73/$AC$10)*$AD$10,2))),"",IF($AC73="","",ROUND(($AC73/$AC$10)*$AD$10,2))) -> 72.31 | AE73: =IF($AD73="","",ROUND($AD73*$AE$10,2)) -> 36.16 | AF73: 40 | AG73: =IF(ISERROR(IF($AF73="","",ROUND(($AF73/$AF$10)*$AG$10,2))),"",IF($AF73="","",ROUND(($AF73/$AF$10)*$AG$10,2))) -> 80 | AH73: =IF($AG73="","",ROUND($AG73*$AH$10,2)) -> 16 | AI73: =IF(ISERROR(IF($AF73="","",ROUND(SUM($R73,$AE73,$AH73),2))),"",IF($AF73="","",ROUND(SUM($R73,$AE73,$AH73),2))) -> 73.76 | AJ73: =IF(ISERROR(IF($AF73="","",VLOOKUP(AI73,TRANSMUTATION_TABLE,4,TRUE))),"",IF($AF73="","",VLOOKUP(AI73,TRANSMUTATION_TABLE,4,TRUE))) -> 83
A74: 12 | B74: ='INPUT DATA'!B74 -> Galula, Allyza Sophia | F74: 8 | G74: 7 | H74: 2 | I74: 8 | J74: 9 | K74: 10 | L74: 2 | P74: =IF(COUNT($F74:$O74)=0,"",SUM($F74:$O74)) -> 46 | Q74: =IF(ISERROR(IF($P74="","",ROUND(($P74/$P$10)*$Q$10,2))),"",IF($P74="","",ROUND(($P74/$P$10)*$Q$10,2))) -> 61.33 | R74: =IF($Q74="","",ROUND($Q74*$R$10,2)) -> 18.4 | S74: 8 | T74: 5 | U74: 5 | V74: 13 | W74: 8 | X74: 10 | AC74: =IF(COUNT($S74:$AB74)=0,"",SUM($S74:$AB74)) -> 49 | AD74: =IF(ISERROR(IF($AC74="","",ROUND(($AC74/$AC$10)*$AD$10,2))),"",IF($AC74="","",ROUND(($AC74/$AC$10)*$AD$10,2))) -> 75.38 | AE74: =IF($AD74="","",ROUND($AD74*$AE$10,2)) -> 37.69 | AF74: 41 | AG74: =IF(ISERROR(IF($AF74="","",ROUND(($AF74/$AF$10)*$AG$10,2))),"",IF($AF74="","",ROUND(($AF74/$AF$10)*$AG$10,2))) -> 82 | AH74: =IF($AG74="","",ROUND($AG74*$AH$10,2)) -> 16.4 | AI74: =IF(ISERROR(IF($AF74="","",ROUND(SUM($R74,$AE74,$AH74),2))),"",IF($AF74="","",ROUND(SUM($R74,$AE74,$AH74),2))) -> 72.49 | AJ74: =IF(ISERROR(IF($AF74="","",VLOOKUP(AI74,TRANSMUTATION_TABLE,4,TRUE))),"",IF($AF74="","",VLOOKUP(AI74,TRANSMUTATION_TABLE,4,TRUE))) -> 82
... A87: 25 | B87: ='INPUT DATA'!B87 -> Zamora Angel | F87: 8 | G87: 8 | H87: 10 | I87: 10 | J87: 9 | K87: 10 | L87: 7 | P87: =IF(COUNT($F87:$O87)=0,"",SUM($F87:$O87)) -> 62 | Q87: =IF(ISERROR(IF($P87="","",ROUND(($P87/$P$10)*$Q$10,2))),"",IF($P87="","",ROUND(($P87/$P$10)*$Q$10,2))) -> 82.67 | R87: =IF($Q87="","",ROUND($Q87*$R$10,2)) -> 24.8 | S87: 9 | T87: 6 | U87: 7 | V87: 14 | W87: 9 | X87: 7 | AC87: =IF(COUNT($S87:$AB87)=0,"",SUM($S87:$AB87)) -> 52 | AD87: =IF(ISERROR(IF($AC87="","",ROUND(($AC87/$AC$10)*$AD$10,2))),"",IF($AC87="","",ROUND(($AC87/$AC$10)*$AD$10,2))) -> 80 | AE87: =IF($AD87="","",ROUND($AD87*$AE$10,2)) -> 40 | AF87: 35 | AG87: =IF(ISERROR(IF($AF87="","",ROUND(($AF87/$AF$10)*$AG$10,2))),"",IF($AF87="","",ROUND(($AF87/$AF$10)*$AG$10,2))) -> 70 | AH87: =IF($AG87="","",ROUND($AG87*$AH$10,2)) -> 14 | AI87: =IF(ISERROR(IF($AF87="","",ROUND(SUM($R87,$AE87,$AH87),2))),"",IF($AF87="","",ROUND(SUM($R87,$AE87,$AH87),2))) -> 78.8 | AJ87: =IF(ISERROR(IF($AF87="","",VLOOKUP(AI87,TRANSMUTATION_TABLE,4,TRUE))),"",IF($AF87="","",VLOOKUP(AI87,TRANSMUTATION_TABLE,4,TRUE))) -> 86
A88: 26 | B88: ='INPUT DATA'!B88 -> Lazaro Karen | P88: =IF(COUNT($F88:$O88)=0,"",SUM($F88:$O88)) | Q88: =IF(ISERROR(IF($P88="","",ROUND(($P88/$P$10)*$Q$10,2))),"",IF($P88="","",ROUND(($P88/$P$10)*$Q$10,2))) | R88: =IF($Q88="","",ROUND($Q88*$R$10,2)) | AC88: =IF(COUNT($S88:$AB88)=0,"",SUM($S88:$AB88)) | AD88: =IF(ISERROR(IF($AC88="","",ROUND(($AC88/$AC$10)*$AD$10,2))),"",IF($AC88="","",ROUND(($AC88/$AC$10)*$AD$10,2))) | AE88: =IF($AD88="","",ROUND($AD88*$AE$10,2)) | AG88: =IF(ISERROR(IF($AF88="","",ROUND(($AF88/$AF$10)*$AG$10,2))),"",IF($AF88="","",ROUND(($AF88/$AF$10)*$AG$10,2))) | AH88: =IF($AG88="","",ROUND($AG88*$AH$10,2)) | AI88: =IF(ISERROR(IF($AF88="","",ROUND(SUM($R88,$AE88,$AH88),2))),"",IF($AF88="","",ROUND(SUM($R88,$AE88,$AH88),2))) | AJ88: =IF(ISERROR(IF($AF88="","",VLOOKUP(AI88,TRANSMUTATION_TABLE,4,TRUE))),"",IF($AF88="","",VLOOKUP(AI88,TRANSMUTATION_TABLE,4,TRUE)))
A89: 27 | B89: ='INPUT DATA'!B89 -> 0 | P89: =IF(COUNT($F89:$O89)=0,"",SUM($F89:$O89)) | Q89: =IF(ISERROR(IF($P89="","",ROUND(($P89/$P$10)*$Q$10,2))),"",IF($P89="","",ROUND(($P89/$P$10)*$Q$10,2))) | R89: =IF($Q89="","",ROUND($Q89*$R$10,2)) | AC89: =IF(COUNT($S89:$AB89)=0,"",SUM($S89:$AB89)) | AD89: =IF(ISERROR(IF($AC89="","",ROUND(($AC89/$AC$10)*$AD$10,2))),"",IF($AC89="","",ROUND(($AC89/$AC$10)*$AD$10,2))) | AE89: =IF($AD89="","",ROUND($AD89*$AE$10,2)) | AG89: =IF(ISERROR(IF($AF89="","",ROUND(($AF89/$AF$10)*$AG$10,2))),"",IF($AF89="","",ROUND(($AF89/$AF$10)*$AG$10,2))) | AH89: =IF($AG89="","",ROUND($AG89*$AH$10,2)) | AI89: =IF(ISERROR(IF($AF89="","",ROUND(SUM($R89,$AE89,$AH89),2))),"",IF($AF89="","",ROUND(SUM($R89,$AE89,$AH89),2))) | AJ89: =IF(ISERROR(IF($AF89="","",VLOOKUP(AI89,TRANSMUTATION_TABLE,4,TRUE))),"",IF($AF89="","",VLOOKUP(AI89,TRANSMUTATION_TABLE,4,TRUE)))
A90: 28 | B90: ='INPUT DATA'!B90 -> 0 | P90: =IF(COUNT($F90:$O90)=0,"",SUM($F90:$O90)) | Q90: =IF(ISERROR(IF($P90="","",ROUND(($P90/$P$10)*$Q$10,2))),"",IF($P90="","",ROUND(($P90/$P$10)*$Q$10,2))) | R90: =IF($Q90="","",ROUND($Q90*$R$10,2)) | AC90: =IF(COUNT($S90:$AB90)=0,"",SUM($S90:$AB90)) | AD90: =IF(ISERROR(IF($AC90="","",ROUND(($AC90/$AC$10)*$AD$10,2))),"",IF($AC90="","",ROUND(($AC90/$AC$10)*$AD$10,2))) | AE90: =IF($AD90="","",ROUND($AD90*$AE$10,2)) | AG90: =IF(ISERROR(IF($AF90="","",ROUND(($AF90/$AF$10)*$AG$10,2))),"",IF($AF90="","",ROUND(($AF90/$AF$10)*$AG$10,2))) | AH90: =IF($AG90="","",ROUND($AG90*$AH$10,2)) | AI90: =IF(ISERROR(IF($AF90="","",ROUND(SUM($R90,$AE90,$AH90),2))),"",IF($AF90="","",ROUND(SUM($R90,$AE90,$AH90),2))) | AJ90: =IF(ISERROR(IF($AF90="","",VLOOKUP(AI90,TRANSMUTATION_TABLE,4,TRUE))),"",IF($AF90="","",VLOOKUP(AI90,TRANSMUTATION_TABLE,4,TRUE)))
A91: 29 | B91: ='INPUT DATA'!B91 -> 0 | P91: =IF(COUNT($F91:$O91)=0,"",SUM($F91:$O91)) | Q91: =IF(ISERROR(IF($P91="","",ROUND(($P91/$P$10)*$Q$10,2))),"",IF($P91="","",ROUND(($P91/$P$10)*$Q$10,2))) | R91: =IF($Q91="","",ROUND($Q91*$R$10,2)) | AC91: =IF(COUNT($S91:$AB91)=0,"",SUM($S91:$AB91)) | AD91: =IF(ISERROR(IF($AC91="","",ROUND(($AC91/$AC$10)*$AD$10,2))),"",IF($AC91="","",ROUND(($AC91/$AC$10)*$AD$10,2))) | AE91: =IF($AD91="","",ROUND($AD91*$AE$10,2)) | AG91: =IF(ISERROR(IF($AF91="","",ROUND(($AF91/$AF$10)*$AG$10,2))),"",IF($AF91="","",ROUND(($AF91/$AF$10)*$AG$10,2))) | AH91: =IF($AG91="","",ROUND($AG91*$AH$10,2)) | AI91: =IF(ISERROR(IF($AF91="","",ROUND(SUM($R91,$AE91,$AH91),2))),"",IF($AF91="","",ROUND(SUM($R91,$AE91,$AH91),2))) | AJ91: =IF(ISERROR(IF($AF91="","",VLOOKUP(AI91,TRANSMUTATION_TABLE,4,TRUE))),"",IF($AF91="","",VLOOKUP(AI91,TRANSMUTATION_TABLE,4,TRUE)))
A92: 30 | B92: ='INPUT DATA'!B92 -> 0 | P92: =IF(COUNT($F92:$O92)=0,"",SUM($F92:$O92)) | Q92: =IF(ISERROR(IF($P92="","",ROUND(($P92/$P$10)*$Q$10,2))),"",IF($P92="","",ROUND(($P92/$P$10)*$Q$10,2))) | R92: =IF($Q92="","",ROUND($Q92*$R$10,2)) | AC92: =IF(COUNT($S92:$AB92)=0,"",SUM($S92:$AB92)) | AD92: =IF(ISERROR(IF($AC92="","",ROUND(($AC92/$AC$10)*$AD$10,2))),"",IF($AC92="","",ROUND(($AC92/$AC$10)*$AD$10,2))) | AE92: =IF($AD92="","",ROUND($AD92*$AE$10,2)) | AG92: =IF(ISERROR(IF($AF92="","",ROUND(($AF92/$AF$10)*$AG$10,2))),"",IF($AF92="","",ROUND(($AF92/$AF$10)*$AG$10,2))) | AH92: =IF($AG92="","",ROUND($AG92*$AH$10,2)) | AI92: =IF(ISERROR(IF($AF92="","",ROUND(SUM($R92,$AE92,$AH92),2))),"",IF($AF92="","",ROUND(SUM($R92,$AE92,$AH92),2))) | AJ92: =IF(ISERROR(IF($AF92="","",VLOOKUP(AI92,TRANSMUTATION_TABLE,4,TRUE))),"",IF($AF92="","",VLOOKUP(AI92,TRANSMUTATION_TABLE,4,TRUE)))
A93: 31 | B93: ='INPUT DATA'!B93 -> 0 | P93: =IF(COUNT($F93:$O93)=0,"",SUM($F93:$O93)) | Q93: =IF(ISERROR(IF($P93="","",ROUND(($P93/$P$10)*$Q$10,2))),"",IF($P93="","",ROUND(($P93/$P$10)*$Q$10,2))) | R93: =IF($Q93="","",ROUND($Q93*$R$10,2)) | AC93: =IF(COUNT($S93:$AB93)=0,"",SUM($S93:$AB93)) | AD93: =IF(ISERROR(IF($AC93="","",ROUND(($AC93/$AC$10)*$AD$10,2))),"",IF($AC93="","",ROUND(($AC93/$AC$10)*$AD$10,2))) | AE93: =IF($AD93="","",ROUND($AD93*$AE$10,2)) | AG93: =IF(ISERROR(IF($AF93="","",ROUND(($AF93/$AF$10)*$AG$10,2))),"",IF($AF93="","",ROUND(($AF93/$AF$10)*$AG$10,2))) | AH93: =IF($AG93="","",ROUND($AG93*$AH$10,2)) | AI93: =IF(ISERROR(IF($AF93="","",ROUND(SUM($R93,$AE93,$AH93),2))),"",IF($AF93="","",ROUND(SUM($R93,$AE93,$AH93),2))) | AJ93: =IF(ISERROR(IF($AF93="","",VLOOKUP(AI93,TRANSMUTATION_TABLE,4,TRUE))),"",IF($AF93="","",VLOOKUP(AI93,TRANSMUTATION_TABLE,4,TRUE)))
A94: 32 | B94: ='INPUT DATA'!B94 -> 0 | P94: =IF(COUNT($F94:$O94)=0,"",SUM($F94:$O94)) | Q94: =IF(ISERROR(IF($P94="","",ROUND(($P94/$P$10)*$Q$10,2))),"",IF($P94="","",ROUND(($P94/$P$10)*$Q$10,2))) | R94: =IF($Q94="","",ROUND($Q94*$R$10,2)) | AC94: =IF(COUNT($S94:$AB94)=0,"",SUM($S94:$AB94)) | AD94: =IF(ISERROR(IF($AC94="","",ROUND(($AC94/$AC$10)*$AD$10,2))),"",IF($AC94="","",ROUND(($AC94/$AC$10)*$AD$10,2))) | AE94: =IF($AD94="","",ROUND($AD94*$AE$10,2)) | AG94: =IF(ISERROR(IF($AF94="","",ROUND(($AF94/$AF$10)*$AG$10,2))),"",IF($AF94="","",ROUND(($AF94/$AF$10)*$AG$10,2))) | AH94: =IF($AG94="","",ROUND($AG94*$AH$10,2)) | AI94: =IF(ISERROR(IF($AF94="","",ROUND(SUM($R94,$AE94,$AH94),2))),"",IF($AF94="","",ROUND(SUM($R94,$AE94,$AH94),2))) | AJ94: =IF(ISERROR(IF($AF94="","",VLOOKUP(AI94,TRANSMUTATION_TABLE,4,TRUE))),"",IF($AF94="","",VLOOKUP(AI94,TRANSMUTATION_TABLE,4,TRUE)))
A95: 33 | B95: ='INPUT DATA'!B95 -> 0 | P95: =IF(COUNT($F95:$O95)=0,"",SUM($F95:$O95)) | Q95: =IF(ISERROR(IF($P95="","",ROUND(($P95/$P$10)*$Q$10,2))),"",IF($P95="","",ROUND(($P95/$P$10)*$Q$10,2))) | R95: =IF($Q95="","",ROUND($Q95*$R$10,2)) | AC95: =IF(COUNT($S95:$AB95)=0,"",SUM($S95:$AB95)) | AD95: =IF(ISERROR(IF($AC95="","",ROUND(($AC95/$AC$10)*$AD$10,2))),"",IF($AC95="","",ROUND(($AC95/$AC$10)*$AD$10,2))) | AE95: =IF($AD95="","",ROUND($AD95*$AE$10,2)) | AG95: =IF(ISERROR(IF($AF95="","",ROUND(($AF95/$AF$10)*$AG$10,2))),"",IF($AF95="","",ROUND(($AF95/$AF$10)*$AG$10,2))) | AH95: =IF($AG95="","",ROUND($AG95*$AH$10,2)) | AI95: =IF(ISERROR(IF($AF95="","",ROUND(SUM($R95,$AE95,$AH95),2))),"",IF($AF95="","",ROUND(SUM($R95,$AE95,$AH95),2))) | AJ95: =IF(ISERROR(IF($AF95="","",VLOOKUP(AI95,TRANSMUTATION_TABLE,4,TRUE))),"",IF($AF95="","",VLOOKUP(AI95,TRANSMUTATION_TABLE,4,TRUE)))
A96: 34 | B96: ='INPUT DATA'!B96 -> 0 | P96: =IF(COUNT($F96:$O96)=0,"",SUM($F96:$O96)) | Q96: =IF(ISERROR(IF($P96="","",ROUND(($P96/$P$10)*$Q$10,2))),"",IF($P96="","",ROUND(($P96/$P$10)*$Q$10,2))) | R96: =IF($Q96="","",ROUND($Q96*$R$10,2)) | AC96: =IF(COUNT($S96:$AB96)=0,"",SUM($S96:$AB96)) | AD96: =IF(ISERROR(IF($AC96="","",ROUND(($AC96/$AC$10)*$AD$10,2))),"",IF($AC96="","",ROUND(($AC96/$AC$10)*$AD$10,2))) | AE96: =IF($AD96="","",ROUND($AD96*$AE$10,2)) | AG96: =IF(ISERROR(IF($AF96="","",ROUND(($AF96/$AF$10)*$AG$10,2))),"",IF($AF96="","",ROUND(($AF96/$AF$10)*$AG$10,2))) | AH96: =IF($AG96="","",ROUND($AG96*$AH$10,2)) | AI96: =IF(ISERROR(IF($AF96="","",ROUND(SUM($R96,$AE96,$AH96),2))),"",IF($AF96="","",ROUND(SUM($R96,$AE96,$AH96),2))) | AJ96: =IF(ISERROR(IF($AF96="","",VLOOKUP(AI96,TRANSMUTATION_TABLE,4,TRUE))),"",IF($AF96="","",VLOOKUP(AI96,TRANSMUTATION_TABLE,4,TRUE)))
A97: 35 | B97: ='INPUT DATA'!B97 -> 0 | P97: =IF(COUNT($F97:$O97)=0,"",SUM($F97:$O97)) | Q97: =IF(ISERROR(IF($P97="","",ROUND(($P97/$P$10)*$Q$10,2))),"",IF($P97="","",ROUND(($P97/$P$10)*$Q$10,2))) | R97: =IF($Q97="","",ROUND($Q97*$R$10,2)) | AC97: =IF(COUNT($S97:$AB97)=0,"",SUM($S97:$AB97)) | AD97: =IF(ISERROR(IF($AC97="","",ROUND(($AC97/$AC$10)*$AD$10,2))),"",IF($AC97="","",ROUND(($AC97/$AC$10)*$AD$10,2))) | AE97: =IF($AD97="","",ROUND($AD97*$AE$10,2)) | AG97: =IF(ISERROR(IF($AF97="","",ROUND(($AF97/$AF$10)*$AG$10,2))),"",IF($AF97="","",ROUND(($AF97/$AF$10)*$AG$10,2))) | AH97: =IF($AG97="","",ROUND($AG97*$AH$10,2)) | AI97: =IF(ISERROR(IF($AF97="","",ROUND(SUM($R97,$AE97,$AH97),2))),"",IF($AF97="","",ROUND(SUM($R97,$AE97,$AH97),2))) | AJ97: =IF(ISERROR(IF($AF97="","",VLOOKUP(AI97,TRANSMUTATION_TABLE,4,TRUE))),"",IF($AF97="","",VLOOKUP(AI97,TRANSMUTATION_TABLE,4,TRUE)))
A98: 36 | B98: ='INPUT DATA'!B98 -> 0 | P98: =IF(COUNT($F98:$O98)=0,"",SUM($F98:$O98)) | Q98: =IF(ISERROR(IF($P98="","",ROUND(($P98/$P$10)*$Q$10,2))),"",IF($P98="","",ROUND(($P98/$P$10)*$Q$10,2))) | R98: =IF($Q98="","",ROUND($Q98*$R$10,2)) | AC98: =IF(COUNT($S98:$AB98)=0,"",SUM($S98:$AB98)) | AD98: =IF(ISERROR(IF($AC98="","",ROUND(($AC98/$AC$10)*$AD$10,2))),"",IF($AC98="","",ROUND(($AC98/$AC$10)*$AD$10,2))) | AE98: =IF($AD98="","",ROUND($AD98*$AE$10,2)) | AG98: =IF(ISERROR(IF($AF98="","",ROUND(($AF98/$AF$10)*$AG$10,2))),"",IF($AF98="","",ROUND(($AF98/$AF$10)*$AG$10,2))) | AH98: =IF($AG98="","",ROUND($AG98*$AH$10,2)) | AI98: =IF(ISERROR(IF($AF98="","",ROUND(SUM($R98,$AE98,$AH98),2))),"",IF($AF98="","",ROUND(SUM($R98,$AE98,$AH98),2))) | AJ98: =IF(ISERROR(IF($AF98="","",VLOOKUP(AI98,TRANSMUTATION_TABLE,4,TRUE))),"",IF($AF98="","",VLOOKUP(AI98,TRANSMUTATION_TABLE,4,TRUE)))
A99: 37 | B99: ='INPUT DATA'!B99 -> 0 | P99: =IF(COUNT($F99:$O99)=0,"",SUM($F99:$O99)) | Q99: =IF(ISERROR(IF($P99="","",ROUND(($P99/$P$10)*$Q$10,2))),"",IF($P99="","",ROUND(($P99/$P$10)*$Q$10,2))) | R99: =IF($Q99="","",ROUND($Q99*$R$10,2)) | AC99: =IF(COUNT($S99:$AB99)=0,"",SUM($S99:$AB99)) | AD99: =IF(ISERROR(IF($AC99="","",ROUND(($AC99/$AC$10)*$AD$10,2))),"",IF($AC99="","",ROUND(($AC99/$AC$10)*$AD$10,2))) | AE99: =IF($AD99="","",ROUND($AD99*$AE$10,2)) | AG99: =IF(ISERROR(IF($AF99="","",ROUND(($AF99/$AF$10)*$AG$10,2))),"",IF($AF99="","",ROUND(($AF99/$AF$10)*$AG$10,2))) | AH99: =IF($AG99="","",ROUND($AG99*$AH$10,2)) | AI99: =IF(ISERROR(IF($AF99="","",ROUND(SUM($R99,$AE99,$AH99),2))),"",IF($AF99="","",ROUND(SUM($R99,$AE99,$AH99),2))) | AJ99: =IF(ISERROR(IF($AF99="","",VLOOKUP(AI99,TRANSMUTATION_TABLE,4,TRUE))),"",IF($AF99="","",VLOOKUP(AI99,TRANSMUTATION_TABLE,4,TRUE)))
... A112: 50 | B112: ='INPUT DATA'!B112 -> 0 | P112: =IF(COUNT($F112:$O112)=0,"",SUM($F112:$O112)) | Q112: =IF(ISERROR(IF($P112="","",ROUND(($P112/$P$10)*$Q$10,2))),"",IF($P112="","",ROUND(($P112/$P$10)*$Q$10,2))) | R112: =IF($Q112="","",ROUND($Q112*$R$10,2)) | AC112: =IF(COUNT($S112:$AB112)=0,"",SUM($S112:$AB112)) | AD112: =IF(ISERROR(IF($AC112="","",ROUND(($AC112/$AC$10)*$AD$10,2))),"",IF($AC112="","",ROUND(($AC112/$AC$10)*$AD$10,2))) | AE112: =IF($AD112="","",ROUND($AD112*$AE$10,2)) | AG112: =IF(ISERROR(IF($AF112="","",ROUND(($AF112/$AF$10)*$AG$10,2))),"",IF($AF112="","",ROUND(($AF112/$AF$10)*$AG$10,2))) | AH112: =IF($AG112="","",ROUND($AG112*$AH$10,2)) | AI112: =IF(ISERROR(IF($AF112="","",ROUND(SUM($R112,$AE112,$AH112),2))),"",IF($AF112="","",ROUND(SUM($R112,$AE112,$AH112),2))) | AJ112: =IF(ISERROR(IF($AF112="","",VLOOKUP(AI112,TRANSMUTATION_TABLE,4,TRUE))),"",IF($AF112="","",VLOOKUP(AI112,TRANSMUTATION_TABLE,4,TRUE)))

Sheet Esp-Q2
A1: Official E-Class Record in K to 12 Curriculum
C4: REGION | G4: ='INPUT DATA'!G4 -> III | L4: DIVISION | O4: ='INPUT DATA'!O4 -> CITY OF SAN FDO. | T4: DISTRICT | X4: ='INPUT DATA'!X4 -> NORTH
B5: SCHOOL NAME | G5: ='INPUT DATA'!G5 -> TELABASTAGAN INTEGRATED SCHOOL | T5: SCHOOL ID | X5: ='INPUT DATA'!X5 -> 500144 | AD5: SCHOOL YEAR | AG5: ='INPUT DATA'!AG5 -> 2025-2026
A7: SECOND QUARTER | F7: GRADE & SECTION: | K7: ='INPUT DATA'!K7 -> V-MAGSAYSAY | Q7: TEACHER: | S7: ='INPUT DATA'!S7 -> ADELIA M. MANARANG | AC7: SUBJECT: | AG7: ='INPUT DATA'!AG7 -> EDUKASYON SA PAGPAPAKATAO
B8: LEARNERS' NAMES | F8: WRITTEN WORKS (30%) | S8: PERFORMANCE TASKS (50%) | AF8: QUARTERLY ASSESSMENT (20%) | AI8: Initial | AJ8: Quarterly
F9: 1 | G9: 2 | H9: 3 | I9: 4 | J9: 5 | K9: 6 | L9: 7 | M9: 8 | N9: 9 | O9: 10 | P9: Total | Q9: PS | R9: WS | S9: 1 | T9: 2 | U9: 3 | V9: 4 | W9: 5 | X9: 6 | Y9: 7 | Z9: 8 | AA9: 9 | AB9: 10 | AC9: Total | AD9: PS | AE9: WS | AF9: 1 | AG9: PS | AH9: WS | AI9: Grade | AJ9: Grade
B10: HIGHEST POSSIBLE SCORE | F10: 10 | G10: 10 | H10: 15 | I10: 10 | J10: 10 | K10: 10 | L10: 10 | P10: =IF(COUNT($F10:$O10)=0,"",SUM($F10:$O10)) -> 75 | Q10: 100 | R10: 0.3 | S10: 20 | T10: 10 | U10: 10 | V10: 20 | W10: 20 | X10: 10 | AC10: =IF(COUNT($S10:$AB10)=0,"",SUM($S10:$AB10)) -> 90 | AD10: 100 | AE10: 0.5 | AF10: 50 | AG10: 100 | AH10: 0.2
B11: MALE
A12: 1 | B12: ='INPUT DATA'!B12 -> Abawag, Jasmin | F12: 8 | G12: 9 | H12: 15 | I12: 10 | J12: 10 | K12: 7 | L12: 8 | P12: =IF(COUNT($F12:$O12)=0,"",SUM($F12:$O12)) -> 67 | Q12: =IF(ISERROR(IF($P12="","",ROUND(($P12/$P$10)*$Q$10,2))),"",IF($P12="","",ROUND(($P12/$P$10)*$Q$10,2))) -> 89.33 | R12: =IF($Q12="","",ROUND($Q12*$R$10,2)) -> 26.8 | S12: 20 | T12: 7 | U12: 8 | V12: 20 | W12: 15 | X12: 7 | AC12: =IF(COUNT($S12:$AB12)=0,"",SUM($S12:$AB12)) -> 77 | AD12: =IF(ISERROR(IF($AC12="","",ROUND(($AC12/$AC$10)*$AD$10,2))),"",IF($AC12="","",ROUND(($AC12/$AC$10)*$AD$10,2))) -> 85.56 | AE12: =IF($AD12="","",ROUND($AD12*$AE$10,2)) -> 42.78 | AF12: 48 | AG12: =IF(ISERROR(IF($AF12="","",ROUND(($AF12/$AF$10)*$AG$10,2))),"",IF($AF12="","",ROUND(($AF12/$AF$10)*$AG$10,2))) -> 96 | AH12: =IF($AG12="","",ROUND($AG12*$AH$10,2)) -> 19.2 | AI12: =IF(ISERROR(IF($AF12="","",ROUND(SUM($R12,$AE12,$AH12),2))),"",IF($AF12="","",ROUND(SUM($R12,$AE12,$AH12),2))) -> 88.78 | AJ12: =IF(ISERROR(IF($AF12="","",VLOOKUP(AI12,TRANSMUTATION_TABLE,4,TRUE))),"",IF($AF12="","",VLOOKUP(AI12,TRANSMUTATION_TABLE,4,TRUE))) -> 92
A13: 2 | B13: ='INPUT DATA'!B13 -> Baluyot Frias Jan Xevier | F13: 7 | G13: 9 | H13: 15 | I13: 5 | J13: 10 | K13: 8 | L13: 6 | P13: =IF(COUNT($F13:$O13)=0,"",SUM($F13:$O13)) -> 60 | Q13: =IF(ISERROR(IF($P13="","",ROUND(($P13/$P$10)*$Q$10,2))),"",IF($P13="","",ROUND(($P13/$P$10)*$Q$10,2))) -> 80 | R13: =IF($Q13="","",ROUND($Q13*$R$10,2)) -> 24 | S13: 17 | T13: 10 | U13: 5 | V13: 17 | W13: 10 | X13: 6 | AC13: =IF(COUNT($S13:$AB13)=0,"",SUM($S13:$AB13)) -> 65 | AD13: =IF(ISERROR(IF($AC13="","",ROUND(($AC13/$AC$10)*$AD$10,2))),"",IF($AC13="","",ROUND(($AC13/$AC$10)*$AD$10,2))) -> 72.22 | AE13: =IF($AD13="","",ROUND($AD13*$AE$10,2)) -> 36.11 | AF13: 46 | AG13: =IF(ISERROR(IF($AF13="","",ROUND(($AF13/$AF$10)*$AG$10,2))),"",IF($AF13="","",ROUND(($AF13/$AF$10)*$AG$10,2))) -> 92 | AH13: =IF($AG13="","",ROUND($AG13*$AH$10,2)) -> 18.4 | AI13: =IF(ISERROR(IF($AF13="","",ROUND(SUM($R13,$AE13,$AH13),2))),"",IF($AF13="","",ROUND(SUM($R13,$AE13,$AH13),2))) -> 78.51 | AJ13: =IF(ISERROR(IF($AF13="","",VLOOKUP(AI13,TRANSMUTATION_TABLE,4,TRUE))),"",IF($AF13="","",VLOOKUP(AI13,TRANSMUTATION_TABLE,4,TRUE))) -> 86
A14: 3 | B14: ='INPUT DATA'!B14 -> Batislaon,Aeron Carreon | F14: 8 | G14: 10 | H14: 5 | I14: 9 | J14: 9 | K14: 7 | L14: 7 | P14: =IF(COUNT($F14:$O14)=0,"",SUM($F14:$O14)) -> 55 | Q14: =IF(ISERROR(IF($P14="","",ROUND(($P14/$P$10)*$Q$10,2))),"",IF($P14="","",ROUND(($P14/$P$10)*$Q$10,2))) -> 73.33 | R14: =IF($Q14="","",ROUND($Q14*$R$10,2)) -> 22 | S14: 16 | T14: 10 | U14: 8 | V14: 10 | W14: 14 | X14: 9 | AC14: =IF(COUNT($S14:$AB14)=0,"",SUM($S14:$AB14)) -> 67 | AD14: =IF(ISERROR(IF($AC14="","",ROUND(($AC14/$AC$10)*$AD$10,2))),"",IF($AC14="","",ROUND(($AC14/$AC$10)*$AD$10,2))) -> 74.44 | AE14: =IF($AD14="","",ROUND($AD14*$AE$10,2)) -> 37.22 | AF14: 47 | AG14: =IF(ISERROR(IF($AF14="","",ROUND(($AF14/$AF$10)*$AG$10,2))),"",IF($AF14="","",ROUND(($AF14/$AF$10)*$AG$10,2))) -> 94 | AH14: =IF($AG14="","",ROUND($AG14*$AH$10,2)) -> 18.8 | AI14: =IF(ISERROR(IF($AF14="","",ROUND(SUM($R14,$AE14,$AH14),2))),"",IF($AF14="","",ROUND(SUM($R14,$AE14,$AH14),2))) -> 78.02 | AJ14: =IF(ISERROR(IF($AF14="","",VLOOKUP(AI14,TRANSMUTATION_TABLE,4,TRUE))),"",IF($AF14="","",VLOOKUP(AI14,TRANSMUTATION_TABLE,4,TRUE))) -> 86
A15: 4 | B15: ='INPUT DATA'!B15 -> Bernardo Kurt Michael Riosa | F15: 7 | G15: 9 | H15: 12 | I15: 8 | J15: 6 | K15: 6 | L15: 7 | P15: =IF(COUNT($F15:$O15)=0,"",SUM($F15:$O15)) -> 55 | Q15: =IF(ISERROR(IF($P15="","",ROUND(($P15/$P$10)*$Q$10,2))),"",IF($P15="","",ROUND(($P15/$P$10)*$Q$10,2))) -> 73.33 | R15: =IF($Q15="","",ROUND($Q15*$R$10,2)) -> 22 | S15: 18 | T15: 5 | U15: 7 | V15: 10 | W15: 16 | X15: 9 | AC15: =IF(COUNT($S15:$AB15)=0,"",SUM($S15:$AB15)) -> 65 | AD15: =IF(ISERROR(IF($AC15="","",ROUND(($AC15/$AC$10)*$AD$10,2))),"",IF($AC15="","",ROUND(($AC15/$AC$10)*$AD$10,2))) -> 72.22 | AE15: =IF($AD15="","",ROUND($AD15*$AE$10,2)) -> 36.11 | AF15: 41 | AG15: =IF(ISERROR(IF($AF15="","",ROUND(($AF15/$AF$10)*$AG$10,2))),"",IF($AF15="","",ROUND(($AF15/$AF$10)*$AG$10,2))) -> 82 | AH15: =IF($AG15="","",ROUND($AG15*$AH$10,2)) -> 16.4 | AI15: =IF(ISERROR(IF($AF15="","",ROUND(SUM($R15,$AE15,$AH15),2))),"",IF($AF15="","",ROUND(SUM($R15,$AE15,$AH15),2))) -> 74.51 | AJ15: =IF(ISERROR(IF($AF15="","",VLOOKUP(AI15,TRANSMUTATION_TABLE,4,TRUE))),"",IF($AF15="","",VLOOKUP(AI15,TRANSMUTATION_TABLE,4,TRUE))) -> 84
A16: 5 | B16: ='INPUT DATA'!B16 -> Buan, Cyrus Arvee Giongco | F16: 7 | G16: 5 | H16: 12 | I16: 7 | J16: 9 | K16: 6 | L16: 6 | P16: =IF(COUNT($F16:$O16)=0,"",SUM($F16:$O16)) -> 52 | Q16: =IF(ISERROR(IF($P16="","",ROUND(($P16/$P$10)*$Q$10,2))),"",IF($P16="","",ROUND(($P16/$P$10)*$Q$10,2))) -> 69.33 | R16: =IF($Q16="","",ROUND($Q16*$R$10,2)) -> 20.8 | S16: 10 | T16: 5 | U16: 7 | V16: 10 | W16: 17 | X16: 8 | AC16: =IF(COUNT($S16:$AB16)=0,"",SUM($S16:$AB16)) -> 57 | AD16: =IF(ISERROR(IF($AC16="","",ROUND(($AC16/$AC$10)*$AD$10,2))),"",IF($AC16="","",ROUND(($AC16/$AC$10)*$AD$10,2))) -> 63.33 | AE16: =IF($AD16="","",ROUND($AD16*$AE$10,2)) -> 31.67 | AF16: 42 | AG16: =IF(ISERROR(IF($AF16="","",ROUND(($AF16/$AF$10)*$AG$10,2))),"",IF($AF16="","",ROUND(($AF16/$AF$10)*$AG$10,2))) -> 84 | AH16: =IF($AG16="","",ROUND($AG16*$AH$10,2)) -> 16.8 | AI16: =IF(ISERROR(IF($AF16="","",ROUND(SUM($R16,$AE16,$AH16),2))),"",IF($AF16="","",ROUND(SUM($R16,$AE16,$AH16),2))) -> 69.27 | AJ16: =IF(ISERROR(IF($AF16="","",VLOOKUP(AI16,TRANSMUTATION_TABLE,4,TRUE))),"",IF($AF16="","",VLOOKUP(AI16,TRANSMUTATION_TABLE,4,TRUE))) -> 80
A17: 6 | B17: ='INPUT DATA'!B17 -> Cunanan, Prince Carl | F17: 8 | G17: 10 | H17: 10 | I17: 8 | J17: 8 | K17: 7 | L17: 8 | P17: =IF(COUNT($F17:$O17)=0,"",SUM($F17:$O17)) -> 59 | Q17: =IF(ISERROR(IF($P17="","",ROUND(($P17/$P$10)*$Q$10,2))),"",IF($P17="","",ROUND(($P17/$P$10)*$Q$10,2))) -> 78.67 | R17: =IF($Q17="","",ROUND($Q17*$R$10,2)) -> 23.6 | S17: 17 | T17: 5 | U17: 7 | V17: 10 | W17: 18 | X17: 9 | AC17: =IF(COUNT($S17:$AB17)=0,"",SUM($S17:$AB17)) -> 66 | AD17: =IF(ISERROR(IF($AC17="","",ROUND(($AC17/$AC$10)*$AD$10,2))),"",IF($AC17="","",ROUND(($AC17/$AC$10)*$AD$10,2))) -> 73.33 | AE17: =IF($AD17="","",ROUND($AD17*$AE$10,2)) -> 36.67 | AF17: 44 | AG17: =IF(ISERROR(IF($AF17="","",ROUND(($AF17/$AF$10)*$AG$10,2))),"",IF($AF17="","",ROUND(($AF17/$AF$10)*$AG$10,2))) -> 88 | AH17: =IF($AG17="","",ROUND($AG17*$AH$10,2)) -> 17.6 | AI17: =IF(ISERROR(IF($AF17="","",ROUND(SUM($R17,$AE17,$AH17),2))),"",IF($AF17="","",ROUND(SUM($R17,$AE17,$AH17),2))) -> 77.87 | AJ17: =IF(ISERROR(IF($AF17="","",VLOOKUP(AI17,TRANSMUTATION_TABLE,4,TRUE))),"",IF($AF17="","",VLOOKUP(AI17,TRANSMUTATION_TABLE,4,TRUE))) -> 86
A18: 7 | B18: ='INPUT DATA'!B18 -> Goingco, Drake Calvin Bautista | F18: 9 | G18: 10 | H18: 13 | I18: 8 | J18: 7 | K18: 8 | L18: 9 | P18: =IF(COUNT($F18:$O18)=0,"",SUM($F18:$O18)) -> 64 | Q18: =IF(ISERROR(IF($P18="","",ROUND(($P18/$P$10)*$Q$10,2))),"",IF($P18="","",ROUND(($P18/$P$10)*$Q$10,2))) -> 85.33 | R18: =IF($Q18="","",ROUND($Q18*$R$10,2)) -> 25.6 | S18: 17 | T18: 10 | U18: 9 | V18: 18 | W18: 19 | X18: 10 | AC18: =IF(COUNT($S18:$AB18)=0,"",SUM($S18:$AB18)) -> 83 | AD18: =IF(ISERROR(IF($AC18="","",ROUND(($AC18/$AC$10)*$AD$10,2))),"",IF($AC18="","",ROUND(($AC18/$AC$10)*$AD$10,2))) -> 92.22 | AE18: =IF($AD18="","",ROUND($AD18*$AE$10,2)) -> 46.11 | AF18: 50 | AG18: =IF(ISERROR(IF($AF18="","",ROUND(($AF18/$AF$10)*$AG$10,2))),"",IF($AF18="","",ROUND(($AF18/$AF$10)*$AG$10,2))) -> 100 | AH18: =IF($AG18="","",ROUND($AG18*$AH$10,2)) -> 20 | AI18: =IF(ISERROR(IF($AF18="","",ROUND(SUM($R18,$AE18,$AH18),2))),"",IF($AF18="","",ROUND(SUM($R18,$AE18,$AH18),2))) -> 91.71 | AJ18: =IF(ISERROR(IF($AF18="","",VLOOKUP(AI18,TRANSMUTATION_TABLE,4,TRUE))),"",IF($AF18="","",VLOOKUP(AI18,TRANSMUTATION_TABLE,4,TRUE))) -> 94
A19: 8 | B19: ='INPUT DATA'!B19 -> Infante, James Mendez | D19: 0 | F19: 6 | G19: 9 | H19: 4 | I19: 7 | J19: 10 | K19: 7 | L19: 7 | P19: =IF(COUNT($F19:$O19)=0,"",SUM($F19:$O19)) -> 50 | Q19: =IF(ISERROR(IF($P19="","",ROUND(($P19/$P$10)*$Q$10,2))),"",IF($P19="","",ROUND(($P19/$P$10)*$Q$10,2))) -> 66.67 | R19: =IF($Q19="","",ROUND($Q19*$R$10,2)) -> 20 | S19: 10 | T19: 5 | U19: 7 | V19: 10 | W19: 16 | X19: 9 | AC19: =IF(COUNT($S19:$AB19)=0,"",SUM($S19:$AB19)) -> 57 | AD19: =IF(ISERROR(IF($AC19="","",ROUND(($AC19/$AC$10)*$AD$10,2))),"",IF($AC19="","",ROUND(($AC19/$AC$10)*$AD$10,2))) -> 63.33 | AE19: =IF($AD19="","",ROUND($AD19*$AE$10,2)) -> 31.67 | AF19: 44 | AG19: =IF(ISERROR(IF($AF19="","",ROUND(($AF19/$AF$10)*$AG$10,2))),"",IF($AF19="","",ROUND(($AF19/$AF$10)*$AG$10,2))) -> 88 | AH19: =IF($AG19="","",ROUND($AG19*$AH$10,2)) -> 17.6 | AI19: =IF(ISERROR(IF($AF19="","",ROUND(SUM($R19,$AE19,$AH19),2))),"",IF($AF19="","",ROUND(SUM($R19,$AE19,$AH19),2))) -> 69.27 | AJ19: =IF(ISERROR(IF($AF19="","",VLOOKUP(AI19,TRANSMUTATION_TABLE,4,TRUE))),"",IF($AF19="","",VLOOKUP(AI19,TRANSMUTATION_TABLE,4,TRUE))) -> 80
A20: 9 | B20: ='INPUT DATA'!B20 -> Lacson John Red Hernandez | F20: 7 | G20: 9 | H20: 9 | I20: 5 | J20: 9 | K20: 7 | L20: 6 | P20: =IF(COUNT($F20:$O20)=0,"",SUM($F20:$O20)) -> 52 | Q20: =IF(ISERROR(IF($P20="","",ROUND(($P20/$P$10)*$Q$10,2))),"",IF($P20="","",ROUND(($P20/$P$10)*$Q$10,2))) -> 69.33 | R20: =IF($Q20="","",ROUND($Q20*$R$10,2)) -> 20.8 | S20: 20 | T20: 8 | U20: 7 | V20: 10 | W20: 17 | X20: 9 | AC20: =IF(COUNT($S20:$AB20)=0,"",SUM($S20:$AB20)) -> 71 | AD20: =IF(ISERROR(IF($AC20="","",ROUND(($AC20/$AC$10)*$AD$10,2))),"",IF($AC20="","",ROUND(($AC20/$AC$10)*$AD$10,2))) -> 78.89 | AE20: =IF($AD20="","",ROUND($AD20*$AE$10,2)) -> 39.45 | AF20: 40 | AG20: =IF(ISERROR(IF($AF20="","",ROUND(($AF20/$AF$10)*$AG$10,2))),"",IF($AF20="","",ROUND(($AF20/$AF$10)*$AG$10,2))) -> 80 | AH20: =IF($AG20="","",ROUND($AG20*$AH$10,2)) -> 16 | AI20: =IF(ISERROR(IF($AF20="","",ROUND(SUM($R20,$AE20,$AH20),2))),"",IF($AF20="","",ROUND(SUM($R20,$AE20,$AH20),2))) -> 76.25 | AJ20: =IF(ISERROR(IF($AF20="","",VLOOKUP(AI20,TRANSMUTATION_TABLE,4,TRUE))),"",IF($AF20="","",VLOOKUP(AI20,TRANSMUTATION_TABLE,4,TRUE))) -> 85
A21: 10 | B21: ='INPUT DATA'!B21 -> Limin,Jaslan Mangalindan | F21: 7 | G21: 9 | H21: 14 | I21: 5 | J21: 8 | K21: 7 | L21: 6 | P21: =IF(COUNT($F21:$O21)=0,"",SUM($F21:$O21)) -> 56 | Q21: =IF(ISERROR(IF($P21="","",ROUND(($P21/$P$10)*$Q$10,2))),"",IF($P21="","",ROUND(($P21/$P$10)*$Q$10,2))) -> 74.67 | R21: =IF($Q21="","",ROUND($Q21*$R$10,2)) -> 22.4 | S21: 10 | T21: 5 | U21: 8 | V21: 10 | W21: 17 | X21: 8 | AC21: =IF(COUNT($S21:$AB21)=0,"",SUM($S21:$AB21)) -> 58 | AD21: =IF(ISERROR(IF($AC21="","",ROUND(($AC21/$AC$10)*$AD$10,2))),"",IF($AC21="","",ROUND(($AC21/$AC$10)*$AD$10,2))) -> 64.44 | AE21: =IF($AD21="","",ROUND($AD21*$AE$10,2)) -> 32.22 | AF21: 47 | AG21: =IF(ISERROR(IF($AF21="","",ROUND(($AF21/$AF$10)*$AG$10,2))),"",IF($AF21="","",ROUND(($AF21/$AF$10)*$AG$10,2))) -> 94 | AH21: =IF($AG21="","",ROUND($AG21*$AH$10,2)) -> 18.8 | AI21: =IF(ISERROR(IF($AF21="","",ROUND(SUM($R21,$AE21,$AH21),2))),"",IF($AF21="","",ROUND(SUM($R21,$AE21,$AH21),2))) -> 73.42 | AJ21: =IF(ISERROR(IF($AF21="","",VLOOKUP(AI21,TRANSMUTATION_TABLE,4,TRUE))),"",IF($AF21="","",VLOOKUP(AI21,TRANSMUTATION_TABLE,4,TRUE))) -> 83
A22: 11 | B22: ='INPUT DATA'!B22 -> Lusung, Yuan Lein Rodriguez | D22: 0 | F22: 8 | G22: 9 | H22: 15 | I22: 8 | J22: 10 | K22: 8 | L22: 9 | P22: =IF(COUNT($F22:$O22)=0,"",SUM($F22:$O22)) -> 67 | Q22: =IF(ISERROR(IF($P22="","",ROUND(($P22/$P$10)*$Q$10,2))),"",IF($P22="","",ROUND(($P22/$P$10)*$Q$10,2))) -> 89.33 | R22: =IF($Q22="","",ROUND($Q22*$R$10,2)) -> 26.8 | S22: 18 | T22: 5 | U22: 8 | V22: 20 | W22: 19 | X22: 9 | AC22: =IF(COUNT($S22:$AB22)=0,"",SUM($S22:$AB22)) -> 79 | AD22: =IF(ISERROR(IF($AC22="","",ROUND(($AC22/$AC$10)*$AD$10,2))),"",IF($AC22="","",ROUND(($AC22/$AC$10)*$AD$10,2))) -> 87.78 | AE22: =IF($AD22="","",ROUND($AD22*$AE$10,2)) -> 43.89 | AF22: 46 | AG22: =IF(ISERROR(IF($AF22="","",ROUND(($AF22/$AF$10)*$AG$10,2))),"",IF($AF22="","",ROUND(($AF22/$AF$10)*$AG$10,2))) -> 92 | AH22: =IF($AG22="","",ROUND($AG22*$AH$10,2)) -> 18.4 | AI22: =IF(ISERROR(IF($AF22="","",ROUND(SUM($R22,$AE22,$AH22),2))),"",IF($AF22="","",ROUND(SUM($R22,$AE22,$AH22),2))) -> 89.09 | AJ22: =IF(ISERROR(IF($AF22="","",VLOOKUP(AI22,TRANSMUTATION_TABLE,4,TRUE))),"",IF($AF22="","",VLOOKUP(AI22,TRANSMUTATION_TABLE,4,TRUE))) -> 93
A23: 12 | B23: ='INPUT DATA'!B23 -> Macaspac, Matteo Dho Arcilla | F23: 8 | G23: 9 | H23: 13 | I23: 8 | J23: 9 | K23: 8 | L23: 8 | P23: =IF(COUNT($F23:$O23)=0,"",SUM($F23:$O23)) -> 63 | Q23: =IF(ISERROR(IF($P23="","",ROUND(($P23/$P$10)*$Q$10,2))),"",IF($P23="","",ROUND(($P23/$P$10)*$Q$10,2))) -> 84 | R23: =IF($Q23="","",ROUND($Q23*$R$10,2)) -> 25.2 | S23: 19 | T23: 8 | U23: 8 | V23: 20 | W23: 17 | X23: 9 | AC23: =IF(COUNT($S23:$AB23)=0,"",SUM($S23:$AB23)) -> 81 | AD23: =IF(ISERROR(IF($AC23="","",ROUND(($AC23/$AC$10)*$AD$10,2))),"",IF($AC23="","",ROUND(($AC23/$AC$10)*$AD$10,2))) -> 90 | AE23: =IF($AD23="","",ROUND($AD23*$AE$10,2)) -> 45 | AF23: 40 | AG23: =IF(ISERROR(IF($AF23="","",ROUND(($AF23/$AF$10)*$AG$10,2))),"",IF($AF23="","",ROUND(($AF23/$AF$10)*$AG$10,2))) -> 80 | AH23: =IF($AG23="","",ROUND($AG23*$AH$10,2)) -> 16 | AI23: =IF(ISERROR(IF($AF23="","",ROUND(SUM($R23,$AE23,$AH23),2))),"",IF($AF23="","",ROUND(SUM($R23,$AE23,$AH23),2))) -> 86.2 | AJ23: =IF(ISERROR(IF($AF23="","",VLOOKUP(AI23,TRANSMUTATION_TABLE,4,TRUE))),"",IF($AF23="","",VLOOKUP(AI23,TRANSMUTATION_TABLE,4,TRUE))) -> 91
A24: 13 | B24: ='INPUT DATA'!B24 -> Miranda, Franz | F24: 8 | G24: 9 | H24: 11 | I24: 6 | J24: 9 | K24: 8 | L24: 9 | P24: =IF(COUNT($F24:$O24)=0,"",SUM($F24:$O24)) -> 60 | Q24: =IF(ISERROR(IF($P24="","",ROUND(($P24/$P$10)*$Q$10,2))),"",IF($P24="","",ROUND(($P24/$P$10)*$Q$10,2))) -> 80 | R24: =IF($Q24="","",ROUND($Q24*$R$10,2)) -> 24 | S24: 18 | T24: 10 | U24: 8 | V24: 20 | W24: 19 | X24: 9 | AC24: =IF(COUNT($S24:$AB24)=0,"",SUM($S24:$AB24)) -> 84 | AD24: =IF(ISERROR(IF($AC24="","",ROUND(($AC24/$AC$10)*$AD$10,2))),"",IF($AC24="","",ROUND(($AC24/$AC$10)*$AD$10,2))) -> 93.33 | AE24: =IF($AD24="","",ROUND($AD24*$AE$10,2)) -> 46.67 | AF24: 43 | AG24: =IF(ISERROR(IF($AF24="","",ROUND(($AF24/$AF$10)*$AG$10,2))),"",IF($AF24="","",ROUND(($AF24/$AF$10)*$AG$10,2))) -> 86 | AH24: =IF($AG24="","",ROUND($AG24*$AH$10,2)) -> 17.2 | AI24: =IF(ISERROR(IF($AF24="","",ROUND(SUM($R24,$AE24,$AH24),2))),"",IF($AF24="","",ROUND(SUM($R24,$AE24,$AH24),2))) -> 87.87 | AJ24: =IF(ISERROR(IF($AF24="","",VLOOKUP(AI24,TRANSMUTATION_TABLE,4,TRUE))),"",IF($AF24="","",VLOOKUP(AI24,TRANSMUTATION_TABLE,4,TRUE))) -> 92
A25: 14 | B25: ='INPUT DATA'!B25 -> Nayanggazohann,Cedy | F25: 7 | G25: 10 | H25: 10 | I25: 9 | J25: 10 | K25: 7 | L25: 7 | P25: =IF(COUNT($F25:$O25)=0,"",SUM($F25:$O25)) -> 60 | Q25: =IF(ISERROR(IF($P25="","",ROUND(($P25/$P$10)*$Q$10,2))),"",IF($P25="","",ROUND(($P25/$P$10)*$Q$10,2))) -> 80 | R25: =IF($Q25="","",ROUND($Q25*$R$10,2)) -> 24 | S25: 20 | T25: 5 | U25: 8 | V25: 18 | W25: 10 | X25: 7 | AC25: =IF(COUNT($S25:$AB25)=0,"",SUM($S25:$AB25)) -> 68 | AD25: =IF(ISERROR(IF($AC25="","",ROUND(($AC25/$AC$10)*$AD$10,2))),"",IF($AC25="","",ROUND(($AC25/$AC$10)*$AD$10,2))) -> 75.56 | AE25: =IF($AD25="","",ROUND($AD25*$AE$10,2)) -> 37.78 | AF25: 45 | AG25: =IF(ISERROR(IF($AF25="","",ROUND(($AF25/$AF$10)*$AG$10,2))),"",IF($AF25="","",ROUND(($AF25/$AF$10)*$AG$10,2))) -> 90 | AH25: =IF($AG25="","",ROUND($AG25*$AH$10,2)) -> 18 | AI25: =IF(ISERROR(IF($AF25="","",ROUND(SUM($R25,$AE25,$AH25),2))),"",IF($AF25="","",ROUND(SUM($R25,$AE25,$AH25),2))) -> 79.78 | AJ25: =IF(ISERROR(IF($AF25="","",VLOOKUP(AI25,TRANSMUTATION_TABLE,4,TRUE))),"",IF($AF25="","",VLOOKUP(AI25,TRANSMUTATION_TABLE,4,TRUE))) -> 87
A26: 15 | B26: ='INPUT DATA'!B26 -> Quiambao, Harvin Miranda | F26: 8 | G26: 10 | H26: 15 | I26: 9 | J26: 10 | K26: 9 | L26: 9 | P26: =IF(COUNT($F26:$O26)=0,"",SUM($F26:$O26)) -> 70 | Q26: =IF(ISERROR(IF($P26="","",ROUND(($P26/$P$10)*$Q$10,2))),"",IF($P26="","",ROUND(($P26/$P$10)*$Q$10,2))) -> 93.33 | R26: =IF($Q26="","",ROUND($Q26*$R$10,2)) -> 28 | S26: 20 | T26: 9 | U26: 9 | V26: 10 | W26: 18 | X26: 9 | AC26: =IF(COUNT($S26:$AB26)=0,"",SUM($S26:$AB26)) -> 75 | AD26: =IF(ISERROR(IF($AC26="","",ROUND(($AC26/$AC$10)*$AD$10,2))),"",IF($AC26="","",ROUND(($AC26/$AC$10)*$AD$10,2))) -> 83.33 | AE26: =IF($AD26="","",ROUND($AD26*$AE$10,2)) -> 41.67 | AF26: 48 | AG26: =IF(ISERROR(IF($AF26="","",ROUND(($AF26/$AF$10)*$AG$10,2))),"",IF($AF26="","",ROUND(($AF26/$AF$10)*$AG$10,2))) -> 96 | AH26: =IF($AG26="","",ROUND($AG26*$AH$10,2)) -> 19.2 | AI26: =IF(ISERROR(IF($AF26="","",ROUND(SUM($R26,$AE26,$AH26),2))),"",IF($AF26="","",ROUND(SUM($R26,$AE26,$AH26),2))) -> 88.87 | AJ26: =IF(ISERROR(IF($AF26="","",VLOOKUP(AI26,TRANSMUTATION_TABLE,4,TRUE))),"",IF($AF26="","",VLOOKUP(AI26,TRANSMUTATION_TABLE,4,TRUE))) -> 93
A27: 16 | B27: ='INPUT DATA'!B27 -> Reyes Mhon Vincent Corpuz | F27: 7 | G27: 8 | H27: 12 | I27: 9 | J27: 6 | K27: 7 | L27: 7 | P27: =IF(COUNT($F27:$O27)=0,"",SUM($F27:$O27)) -> 56 | Q27: =IF(ISERROR(IF($P27="","",ROUND(($P27/$P$10)*$Q$10,2))),"",IF($P27="","",ROUND(($P27/$P$10)*$Q$10,2))) -> 74.67 | R27: =IF($Q27="","",ROUND($Q27*$R$10,2)) -> 22.4 | S27: 10 | T27: 5 | U27: 7 | V27: 19 | W27: 19 | X27: 9 | AC27: =IF(COUNT($S27:$AB27)=0,"",SUM($S27:$AB27)) -> 69 | AD27: =IF(ISERROR(IF($AC27="","",ROUND(($AC27/$AC$10)*$AD$10,2))),"",IF($AC27="","",ROUND(($AC27/$AC$10)*$AD$10,2))) -> 76.67 | AE27: =IF($AD27="","",ROUND($AD27*$AE$10,2)) -> 38.34 | AF27: 45 | AG27: =IF(ISERROR(IF($AF27="","",ROUND(($AF27/$AF$10)*$AG$10,2))),"",IF($AF27="","",ROUND(($AF27/$AF$10)*$AG$10,2))) -> 90 | AH27: =IF($AG27="","",ROUND($AG27*$AH$10,2)) -> 18 | AI27: =IF(ISERROR(IF($AF27="","",ROUND(SUM($R27,$AE27,$AH27),2))),"",IF($AF27="","",ROUND(SUM($R27,$AE27,$AH27),2))) -> 78.74 | AJ27: =IF(ISERROR(IF($AF27="","",VLOOKUP(AI27,TRANSMUTATION_TABLE,4,TRUE))),"",IF($AF27="","",VLOOKUP(AI27,TRANSMUTATION_TABLE,4,TRUE))) -> 86
A28: 17 | B28: ='INPUT DATA'!B28 -> Meneje, Gelo S. | F28: 8 | G28: 9 | H28: 14 | I28: 8 | J28: 3 | K28: 7 | L28: 8 | P28: =IF(COUNT($F28:$O28)=0,"",SUM($F28:$O28)) -> 57 | Q28: =IF(ISERROR(IF($P28="","",ROUND(($P28/$P$10)*$Q$10,2))),"",IF($P28="","",ROUND(($P28/$P$10)*$Q$10,2))) -> 76 | R28: =IF($Q28="","",ROUND($Q28*$R$10,2)) -> 22.8 | S28: 20 | T28: 5 | U28: 8 | V28: 19 | W28: 17 | X28: 9 | AC28: =IF(COUNT($S28:$AB28)=0,"",SUM($S28:$AB28)) -> 78 | AD28: =IF(ISERROR(IF($AC28="","",ROUND(($AC28/$AC$10)*$AD$10,2))),"",IF($AC28="","",ROUND(($AC28/$AC$10)*$AD$10,2))) -> 86.67 | AE28: =IF($AD28="","",ROUND($AD28*$AE$10,2)) -> 43.34 | AF28: 45 | AG28: =IF(ISERROR(IF($AF28="","",ROUND(($AF28/$AF$10)*$AG$10,2))),"",IF($AF28="","",ROUND(($AF28/$AF$10)*$AG$10,2))) -> 90 | AH28: =IF($AG28="","",ROUND($AG28*$AH$10,2)) -> 18 | AI28: =IF(ISERROR(IF($AF28="","",ROUND(SUM($R28,$AE28,$AH28),2))),"",IF($AF28="","",ROUND(SUM($R28,$AE28,$AH28),2))) -> 84.14 | AJ28: =IF(ISERROR(IF($AF28="","",VLOOKUP(AI28,TRANSMUTATION_TABLE,4,TRUE))),"",IF($AF28="","",VLOOKUP(AI28,TRANSMUTATION_TABLE,4,TRUE))) -> 90
A29: 18 | B29: ='INPUT DATA'!B29 -> Serrano, Aaron Kiel Dabu | F29: 8 | G29: 10 | H29: 14 | I29: 10 | J29: 10 | K29: 7 | L29: 7 | P29: =IF(COUNT($F29:$O29)=0,"",SUM($F29:$O29)) -> 66 | Q29: =IF(ISERROR(IF($P29="","",ROUND(($P29/$P$10)*$Q$10,2))),"",IF($P29="","",ROUND(($P29/$P$10)*$Q$10,2))) -> 88 | R29: =IF($Q29="","",ROUND($Q29*$R$10,2)) -> 26.4 | S29: 20 | T29: 10 | U29: 7 | V29: 10 | W29: 18 | X29: 9 | AC29: =IF(COUNT($S29:$AB29)=0,"",SUM($S29:$AB29)) -> 74 | AD29: =IF(ISERROR(IF($AC29="","",ROUND(($AC29/$AC$10)*$AD$10,2))),"",IF($AC29="","",ROUND(($AC29/$AC$10)*$AD$10,2))) -> 82.22 | AE29: =IF($AD29="","",ROUND($AD29*$AE$10,2)) -> 41.11 | AF29: 49 | AG29: =IF(ISERROR(IF($AF29="","",ROUND(($AF29/$AF$10)*$AG$10,2))),"",IF($AF29="","",ROUND(($AF29/$AF$10)*$AG$10,2))) -> 98 | AH29: =IF($AG29="","",ROUND($AG29*$AH$10,2)) -> 19.6 | AI29: =IF(ISERROR(IF($AF29="","",ROUND(SUM($R29,$AE29,$AH29),2))),"",IF($AF29="","",ROUND(SUM($R29,$AE29,$AH29),2))) -> 87.11 | AJ29: =IF(ISERROR(IF($AF29="","",VLOOKUP(AI29,TRANSMUTATION_TABLE,4,TRUE))),"",IF($AF29="","",VLOOKUP(AI29,TRANSMUTATION_TABLE,4,TRUE))) -> 91
A30: 19 | B30: ='INPUT DATA'!B30 -> Villamayon, Jasper Supang | F30: 8 | G30: 10 | H30: 13 | I30: 7 | J30: 6 | K30: 6 | L30: 5 | P30: =IF(COUNT($F30:$O30)=0,"",SUM($F30:$O30)) -> 55 | Q30: =IF(ISERROR(IF($P30="","",ROUND(($P30/$P$10)*$Q$10,2))),"",IF($P30="","",ROUND(($P30/$P$10)*$Q$10,2))) -> 73.33 | R30: =IF($Q30="","",ROUND($Q30*$R$10,2)) -> 22 | S30: 10 | T30: 5 | U30: 7 | V30: 10 | W30: 18 | X30: 8 | AC30: =IF(COUNT($S30:$AB30)=0,"",SUM($S30:$AB30)) -> 58 | AD30: =IF(ISERROR(IF($AC30="","",ROUND(($AC30/$AC$10)*$AD$10,2))),"",IF($AC30="","",ROUND(($AC30/$AC$10)*$AD$10,2))) -> 64.44 | AE30: =IF($AD30="","",ROUND($AD30*$AE$10,2)) -> 32.22 | AF30: 40 | AG30: =IF(ISERROR(IF($AF30="","",ROUND(($AF30/$AF$10)*$AG$10,2))),"",IF($AF30="","",ROUND(($AF30/$AF$10)*$AG$10,2))) -> 80 | AH30: =IF($AG30="","",ROUND($AG30*$AH$10,2)) -> 16 | AI30: =IF(ISERROR(IF($AF30="","",ROUND(SUM($R30,$AE30,$AH30),2))),"",IF($AF30="","",ROUND(SUM($R30,$AE30,$AH30),2))) -> 70.22 | AJ30: =IF(ISERROR(IF($AF30="","",VLOOKUP(AI30,TRANSMUTATION_TABLE,4,TRUE))),"",IF($AF30="","",VLOOKUP(AI30,TRANSMUTATION_TABLE,4,TRUE))) -> 81
A31: 20 | B31: ='INPUT DATA'!B31 -> Vistar, C-Jay Gomaga | F31: 8 | G31: 9 | H31: 14 | I31: 4 | J31: 4 | K31: 6 | L31: 6 | P31: =IF(COUNT($F31:$O31)=0,"",SUM($F31:$O31)) -> 51 | Q31: =IF(ISERROR(IF($P31="","",ROUND(($P31/$P$10)*$Q$10,2))),"",IF($P31="","",ROUND(($P31/$P$10)*$Q$10,2))) -> 68 | R31: =IF($Q31="","",ROUND($Q31*$R$10,2)) -> 20.4 | S31: 10 | T31: 10 | U31: 9 | V31: 18 | W31: 18 | X31: 8 | AC31: =IF(COUNT($S31:$AB31)=0,"",SUM($S31:$AB31)) -> 73 | AD31: =IF(ISERROR(IF($AC31="","",ROUND(($AC31/$AC$10)*$AD$10,2))),"",IF($AC31="","",ROUND(($AC31/$AC$10)*$AD$10,2))) -> 81.11 | AE31: =IF($AD31="","",ROUND($AD31*$AE$10,2)) -> 40.56 | AF31: 43 | AG31: =IF(ISERROR(IF($AF31="","",ROUND(($AF31/$AF$10)*$AG$10,2))),"",IF($AF31="","",ROUND(($AF31/$AF$10)*$AG$10,2))) -> 86 | AH31: =IF($AG31="","",ROUND($AG31*$AH$10,2)) -> 17.2 | AI31: =IF(ISERROR(IF($AF31="","",ROUND(SUM($R31,$AE31,$AH31),2))),"",IF($AF31="","",ROUND(SUM($R31,$AE31,$AH31),2))) -> 78.16 | AJ31: =IF(ISERROR(IF($AF31="","",VLOOKUP(AI31,TRANSMUTATION_TABLE,4,TRUE))),"",IF($AF31="","",VLOOKUP(AI31,TRANSMUTATION_TABLE,4,TRUE))) -> 86
A32: 21 | B32: ='INPUT DATA'!B32 -> Zapata, Xed Yuan Arcilla | F32: 9 | G32: 10 | H32: 15 | I32: 8 | J32: 9 | K32: 9 | L32: 10 | P32: =IF(COUNT($F32:$O32)=0,"",SUM($F32:$O32)) -> 70 | Q32: =IF(ISERROR(IF($P32="","",ROUND(($P32/$P$10)*$Q$10,2))),"",IF($P32="","",ROUND(($P32/$P$10)*$Q$10,2))) -> 93.33 | R32: =IF($Q32="","",ROUND($Q32*$R$10,2)) -> 28 | S32: 20 | T32: 5 | U32: 9 | V32: 20 | W32: 17 | X32: 9 | AC32: =IF(COUNT($S32:$AB32)=0,"",SUM($S32:$AB32)) -> 80 | AD32: =IF(ISERROR(IF($AC32="","",ROUND(($AC32/$AC$10)*$AD$10,2))),"",IF($AC32="","",ROUND(($AC32/$AC$10)*$AD$10,2))) -> 88.89 | AE32: =IF($AD32="","",ROUND($AD32*$AE$10,2)) -> 44.45 | AF32: 50 | AG32: =IF(ISERROR(IF($AF32="","",ROUND(($AF32/$AF$10)*$AG$10,2))),"",IF($AF32="","",ROUND(($AF32/$AF$10)*$AG$10,2))) -> 100 | AH32: =IF($AG32="","",ROUND($AG32*$AH$10,2)) -> 20 | AI32: =IF(ISERROR(IF($AF32="","",ROUND(SUM($R32,$AE32,$AH32),2))),"",IF($AF32="","",ROUND(SUM($R32,$AE32,$AH32),2))) -> 92.45 | AJ32: =IF(ISERROR(IF($AF32="","",VLOOKUP(AI32,TRANSMUTATION_TABLE,4,TRUE))),"",IF($AF32="","",VLOOKUP(AI32,TRANSMUTATION_TABLE,4,TRUE))) -> 95
A33: 22 | B33: ='INPUT DATA'!B33 -> Cardenio, John Henry | F33: 5 | G33: 10 | H33: 11 | I33: 6 | J33: 9 | K33: 7 | L33: 5 | P33: =IF(COUNT($F33:$O33)=0,"",SUM($F33:$O33)) -> 53 | Q33: =IF(ISERROR(IF($P33="","",ROUND(($P33/$P$10)*$Q$10,2))),"",IF($P33="","",ROUND(($P33/$P$10)*$Q$10,2))) -> 70.67 | R33: =IF($Q33="","",ROUND($Q33*$R$10,2)) -> 21.2 | S33: 10 | T33: 5 | U33: 6 | V33: 10 | W33: 5 | X33: 8 | AC33: =IF(COUNT($S33:$AB33)=0,"",SUM($S33:$AB33)) -> 44 | AD33: =IF(ISERROR(IF($AC33="","",ROUND(($AC33/$AC$10)*$AD$10,2))),"",IF($AC33="","",ROUND(($AC33/$AC$10)*$AD$10,2))) -> 48.89 | AE33: =IF($AD33="","",ROUND($AD33*$AE$10,2)) -> 24.45 | AF33: 43 | AG33: =IF(ISERROR(IF($AF33="","",ROUND(($AF33/$AF$10)*$AG$10,2))),"",IF($AF33="","",ROUND(($AF33/$AF$10)*$AG$10,2))) -> 86 | AH33: =IF($AG33="","",ROUND($AG33*$AH$10,2)) -> 17.2 | AI33: =IF(ISERROR(IF($AF33="","",ROUND(SUM($R33,$AE33,$AH33),2))),"",IF($AF33="","",ROUND(SUM($R33,$AE33,$AH33),2))) -> 62.85 | AJ33: =IF(ISERROR(IF($AF33="","",VLOOKUP(AI33,TRANSMUTATION_TABLE,4,TRUE))),"",IF($AF33="","",VLOOKUP(AI33,TRANSMUTATION_TABLE,4,TRUE))) -> 76
A34: 23 | B34: ='INPUT DATA'!B34 -> 0 | P34: =IF(COUNT($F34:$O34)=0,"",SUM($F34:$O34)) | Q34: =IF(ISERROR(IF($P34="","",ROUND(($P34/$P$10)*$Q$10,2))),"",IF($P34="","",ROUND(($P34/$P$10)*$Q$10,2))) | R34: =IF($Q34="","",ROUND($Q34*$R$10,2)) | AC34: =IF(COUNT($S34:$AB34)=0,"",SUM($S34:$AB34)) | AD34: =IF(ISERROR(IF($AC34="","",ROUND(($AC34/$AC$10)*$AD$10,2))),"",IF($AC34="","",ROUND(($AC34/$AC$10)*$AD$10,2))) | AE34: =IF($AD34="","",ROUND($AD34*$AE$10,2)) | AG34: =IF(ISERROR(IF($AF34="","",ROUND(($AF34/$AF$10)*$AG$10,2))),"",IF($AF34="","",ROUND(($AF34/$AF$10)*$AG$10,2))) | AH34: =IF($AG34="","",ROUND($AG34*$AH$10,2)) | AI34: =IF(ISERROR(IF($AF34="","",ROUND(SUM($R34,$AE34,$AH34),2))),"",IF($AF34="","",ROUND(SUM($R34,$AE34,$AH34),2))) | AJ34: =IF(ISERROR(IF($AF34="","",VLOOKUP(AI34,TRANSMUTATION_TABLE,4,TRUE))),"",IF($AF34="","",VLOOKUP(AI34,TRANSMUTATION_TABLE,4,TRUE)))
A35: 24 | B35: ='INPUT DATA'!B35 -> 0 | P35: =IF(COUNT($F35:$O35)=0,"",SUM($F35:$O35)) | Q35: =IF(ISERROR(IF($P35="","",ROUND(($P35/$P$10)*$Q$10,2))),"",IF($P35="","",ROUND(($P35/$P$10)*$Q$10,2))) | R35: =IF($Q35="","",ROUND($Q35*$R$10,2)) | AC35: =IF(COUNT($S35:$AB35)=0,"",SUM($S35:$AB35)) | AD35: =IF(ISERROR(IF($AC35="","",ROUND(($AC35/$AC$10)*$AD$10,2))),"",IF($AC35="","",ROUND(($AC35/$AC$10)*$AD$10,2))) | AE35: =IF($AD35="","",ROUND($AD35*$AE$10,2)) | AG35: =IF(ISERROR(IF($AF35="","",ROUND(($AF35/$AF$10)*$AG$10,2))),"",IF($AF35="","",ROUND(($AF35/$AF$10)*$AG$10,2))) | AH35: =IF($AG35="","",ROUND($AG35*$AH$10,2)) | AI35: =IF(ISERROR(IF($AF35="","",ROUND(SUM($R35,$AE35,$AH35),2))),"",IF($AF35="","",ROUND(SUM($R35,$AE35,$AH35),2))) | AJ35: =IF(ISERROR(IF($AF35="","",VLOOKUP(AI35,TRANSMUTATION_TABLE,4,TRUE))),"",IF($AF35="","",VLOOKUP(AI35,TRANSMUTATION_TABLE,4,TRUE)))
A36: 25 | B36: ='INPUT DATA'!B36 -> 0 | P36: =IF(COUNT($F36:$O36)=0,"",SUM($F36:$O36)) | Q36: =IF(ISERROR(IF($P36="","",ROUND(($P36/$P$10)*$Q$10,2))),"",IF($P36="","",ROUND(($P36/$P$10)*$Q$10,2))) | R36: =IF($Q36="","",ROUND($Q36*$R$10,2)) | AC36: =IF(COUNT($S36:$AB36)=0,"",SUM($S36:$AB36)) | AD36: =IF(ISERROR(IF($AC36="","",ROUND(($AC36/$AC$10)*$AD$10,2))),"",IF($AC36="","",ROUND(($AC36/$AC$10)*$AD$10,2))) | AE36: =IF($AD36="","",ROUND($AD36*$AE$10,2)) | AG36: =IF(ISERROR(IF($AF36="","",ROUND(($AF36/$AF$10)*$AG$10,2))),"",IF($AF36="","",ROUND(($AF36/$AF$10)*$AG$10,2))) | AH36: =IF($AG36="","",ROUND($AG36*$AH$10,2)) | AI36: =IF(ISERROR(IF($AF36="","",ROUND(SUM($R36,$AE36,$AH36),2))),"",IF($AF36="","",ROUND(SUM($R36,$AE36,$AH36),2))) | AJ36: =IF(ISERROR(IF($AF36="","",VLOOKUP(AI36,TRANSMUTATION_TABLE,4,TRUE))),"",IF($AF36="","",VLOOKUP(AI36,TRANSMUTATION_TABLE,4,TRUE)))
A37: 26 | B37: ='INPUT DATA'!B37 -> 0 | P37: =IF(COUNT($F37:$O37)=0,"",SUM($F37:$O37)) | Q37: =IF(ISERROR(IF($P37="","",ROUND(($P37/$P$10)*$Q$10,2))),"",IF($P37="","",ROUND(($P37/$P$10)*$Q$10,2))) | R37: =IF($Q37="","",ROUND($Q37*$R$10,2)) | AC37: =IF(COUNT($S37:$AB37)=0,"",SUM($S37:$AB37)) | AD37: =IF(ISERROR(IF($AC37="","",ROUND(($AC37/$AC$10)*$AD$10,2))),"",IF($AC37="","",ROUND(($AC37/$AC$10)*$AD$10,2))) | AE37: =IF($AD37="","",ROUND($AD37*$AE$10,2)) | AG37: =IF(ISERROR(IF($AF37="","",ROUND(($AF37/$AF$10)*$AG$10,2))),"",IF($AF37="","",ROUND(($AF37/$AF$10)*$AG$10,2))) | AH37: =IF($AG37="","",ROUND($AG37*$AH$10,2)) | AI37: =IF(ISERROR(IF($AF37="","",ROUND(SUM($R37,$AE37,$AH37),2))),"",IF($AF37="","",ROUND(SUM($R37,$AE37,$AH37),2))) | AJ37: =IF(ISERROR(IF($AF37="","",VLOOKUP(AI37,TRANSMUTATION_TABLE,4,TRUE))),"",IF($AF37="","",VLOOKUP(AI37,TRANSMUTATION_TABLE,4,TRUE)))
A38: 27 | B38: ='INPUT DATA'!B38 -> 0 | P38: =IF(COUNT($F38:$O38)=0,"",SUM($F38:$O38)) | Q38: =IF(ISERROR(IF($P38="","",ROUND(($P38/$P$10)*$Q$10,2))),"",IF($P38="","",ROUND(($P38/$P$10)*$Q$10,2))) | R38: =IF($Q38="","",ROUND($Q38*$R$10,2)) | AC38: =IF(COUNT($S38:$AB38)=0,"",SUM($S38:$AB38)) | AD38: =IF(ISERROR(IF($AC38="","",ROUND(($AC38/$AC$10)*$AD$10,2))),"",IF($AC38="","",ROUND(($AC38/$AC$10)*$AD$10,2))) | AE38: =IF($AD38="","",ROUND($AD38*$AE$10,2)) | AG38: =IF(ISERROR(IF($AF38="","",ROUND(($AF38/$AF$10)*$AG$10,2))),"",IF($AF38="","",ROUND(($AF38/$AF$10)*$AG$10,2))) | AH38: =IF($AG38="","",ROUND($AG38*$AH$10,2)) | AI38: =IF(ISERROR(IF($AF38="","",ROUND(SUM($R38,$AE38,$AH38),2))),"",IF($AF38="","",ROUND(SUM($R38,$AE38,$AH38),2))) | AJ38: =IF(ISERROR(IF($AF38="","",VLOOKUP(AI38,TRANSMUTATION_TABLE,4,TRUE))),"",IF($AF38="","",VLOOKUP(AI38,TRANSMUTATION_TABLE,4,TRUE)))
A39: 28 | B39: ='INPUT DATA'!B39 -> 0 | P39: =IF(COUNT($F39:$O39)=0,"",SUM($F39:$O39)) | Q39: =IF(ISERROR(IF($P39="","",ROUND(($P39/$P$10)*$Q$10,2))),"",IF($P39="","",ROUND(($P39/$P$10)*$Q$10,2))) | R39: =IF($Q39="","",ROUND($Q39*$R$10,2)) | AC39: =IF(COUNT($S39:$AB39)=0,"",SUM($S39:$AB39)) | AD39: =IF(ISERROR(IF($AC39="","",ROUND(($AC39/$AC$10)*$AD$10,2))),"",IF($AC39="","",ROUND(($AC39/$AC$10)*$AD$10,2))) | AE39: =IF($AD39="","",ROUND($AD39*$AE$10,2)) | AG39: =IF(ISERROR(IF($AF39="","",ROUND(($AF39/$AF$10)*$AG$10,2))),"",IF($AF39="","",ROUND(($AF39/$AF$10)*$AG$10,2))) | AH39: =IF($AG39="","",ROUND($AG39*$AH$10,2)) | AI39: =IF(ISERROR(IF($AF39="","",ROUND(SUM($R39,$AE39,$AH39),2))),"",IF($AF39="","",ROUND(SUM($R39,$AE39,$AH39),2))) | AJ39: =IF(ISERROR(IF($AF39="","",VLOOKUP(AI39,TRANSMUTATION_TABLE,4,TRUE))),"",IF($AF39="","",VLOOKUP(AI39,TRANSMUTATION_TABLE,4,TRUE)))
A40: 29 | B40: ='INPUT DATA'!B40 -> 0 | P40: =IF(COUNT($F40:$O40)=0,"",SUM($F40:$O40)) | Q40: =IF(ISERROR(IF($P40="","",ROUND(($P40/$P$10)*$Q$10,2))),"",IF($P40="","",ROUND(($P40/$P$10)*$Q$10,2))) | R40: =IF($Q40="","",ROUND($Q40*$R$10,2)) | AC40: =IF(COUNT($S40:$AB40)=0,"",SUM($S40:$AB40)) | AD40: =IF(ISERROR(IF($AC40="","",ROUND(($AC40/$AC$10)*$AD$10,2))),"",IF($AC40="","",ROUND(($AC40/$AC$10)*$AD$10,2))) | AE40: =IF($AD40="","",ROUND($AD40*$AE$10,2)) | AG40: =IF(ISERROR(IF($AF40="","",ROUND(($AF40/$AF$10)*$AG$10,2))),"",IF($AF40="","",ROUND(($AF40/$AF$10)*$AG$10,2))) | AH40: =IF($AG40="","",ROUND($AG40*$AH$10,2)) | AI40: =IF(ISERROR(IF($AF40="","",ROUND(SUM($R40,$AE40,$AH40),2))),"",IF($AF40="","",ROUND(SUM($R40,$AE40,$AH40),2))) | AJ40: =IF(ISERROR(IF($AF40="","",VLOOKUP(AI40,TRANSMUTATION_TABLE,4,TRUE))),"",IF($AF40="","",VLOOKUP(AI40,TRANSMUTATION_TABLE,4,TRUE)))
A41: 30 | B41: ='INPUT DATA'!B41 -> 0 | P41: =IF(COUNT($F41:$O41)=0,"",SUM($F41:$O41)) | Q41: =IF(ISERROR(IF($P41="","",ROUND(($P41/$P$10)*$Q$10,2))),"",IF($P41="","",ROUND(($P41/$P$10)*$Q$10,2))) | R41: =IF($Q41="","",ROUND($Q41*$R$10,2)) | AC41: =IF(COUNT($S41:$AB41)=0,"",SUM($S41:$AB41)) | AD41: =IF(ISERROR(IF($AC41="","",ROUND(($AC41/$AC$10)*$AD$10,2))),"",IF($AC41="","",ROUND(($AC41/$AC$10)*$AD$10,2))) | AE41: =IF($AD41="","",ROUND($AD41*$AE$10,2)) | AG41: =IF(ISERROR(IF($AF41="","",ROUND(($AF41/$AF$10)*$AG$10,2))),"",IF($AF41="","",ROUND(($AF41/$AF$10)*$AG$10,2))) | AH41: =IF($AG41="","",ROUND($AG41*$AH$10,2)) | AI41: =IF(ISERROR(IF($AF41="","",ROUND(SUM($R41,$AE41,$AH41),2))),"",IF($AF41="","",ROUND(SUM($R41,$AE41,$AH41),2))) | AJ41: =IF(ISERROR(IF($AF41="","",VLOOKUP(AI41,TRANSMUTATION_TABLE,4,TRUE))),"",IF($AF41="","",VLOOKUP(AI41,TRANSMUTATION_TABLE,4,TRUE)))
A42: 31 | B42: ='INPUT DATA'!B42 -> 0 | P42: =IF(COUNT($F42:$O42)=0,"",SUM($F42:$O42)) | Q42: =IF(ISERROR(IF($P42="","",ROUND(($P42/$P$10)*$Q$10,2))),"",IF($P42="","",ROUND(($P42/$P$10)*$Q$10,2))) | R42: =IF($Q42="","",ROUND($Q42*$R$10,2)) | AC42: =IF(COUNT($S42:$AB42)=0,"",SUM($S42:$AB42)) | AD42: =IF(ISERROR(IF($AC42="","",ROUND(($AC42/$AC$10)*$AD$10,2))),"",IF($AC42="","",ROUND(($AC42/$AC$10)*$AD$10,2))) | AE42: =IF($AD42="","",ROUND($AD42*$AE$10,2)) | AG42: =IF(ISERROR(IF($AF42="","",ROUND(($AF42/$AF$10)*$AG$10,2))),"",IF($AF42="","",ROUND(($AF42/$AF$10)*$AG$10,2))) | AH42: =IF($AG42="","",ROUND($AG42*$AH$10,2)) | AI42: =IF(ISERROR(IF($AF42="","",ROUND(SUM($R42,$AE42,$AH42),2))),"",IF($AF42="","",ROUND(SUM($R42,$AE42,$AH42),2))) | AJ42: =IF(ISERROR(IF($AF42="","",VLOOKUP(AI42,TRANSMUTATION_TABLE,4,TRUE))),"",IF($AF42="","",VLOOKUP(AI42,TRANSMUTATION_TABLE,4,TRUE)))
A43: 32 | B43: ='INPUT DATA'!B43 -> 0 | P43: =IF(COUNT($F43:$O43)=0,"",SUM($F43:$O43)) | Q43: =IF(ISERROR(IF($P43="","",ROUND(($P43/$P$10)*$Q$10,2))),"",IF($P43="","",ROUND(($P43/$P$10)*$Q$10,2))) | R43: =IF($Q43="","",ROUND($Q43*$R$10,2)) | AC43: =IF(COUNT($S43:$AB43)=0,"",SUM($S43:$AB43)) | AD43: =IF(ISERROR(IF($AC43="","",ROUND(($AC43/$AC$10)*$AD$10,2))),"",IF($AC43="","",ROUND(($AC43/$AC$10)*$AD$10,2))) | AE43: =IF($AD43="","",ROUND($AD43*$AE$10,2)) | AG43: =IF(ISERROR(IF($AF43="","",ROUND(($AF43/$AF$10)*$AG$10,2))),"",IF($AF43="","",ROUND(($AF43/$AF$10)*$AG$10,2))) | AH43: =IF($AG43="","",ROUND($AG43*$AH$10,2)) | AI43: =IF(ISERROR(IF($AF43="","",ROUND(SUM($R43,$AE43,$AH43),2))),"",IF($AF43="","",ROUND(SUM($R43,$AE43,$AH43),2))) | AJ43: =IF(ISERROR(IF($AF43="","",VLOOKUP(AI43,TRANSMUTATION_TABLE,4,TRUE))),"",IF($AF43="","",VLOOKUP(AI43,TRANSMUTATION_TABLE,4,TRUE)))
A44: 33 | B44: ='INPUT DATA'!B44 -> 0 | P44: =IF(COUNT($F44:$O44)=0,"",SUM($F44:$O44)) | Q44: =IF(ISERROR(IF($P44="","",ROUND(($P44/$P$10)*$Q$10,2))),"",IF($P44="","",ROUND(($P44/$P$10)*$Q$10,2))) | R44: =IF($Q44="","",ROUND($Q44*$R$10,2)) | AC44: =IF(COUNT($S44:$AB44)=0,"",SUM($S44:$AB44)) | AD44: =IF(ISERROR(IF($AC44="","",ROUND(($AC44/$AC$10)*$AD$10,2))),"",IF($AC44="","",ROUND(($AC44/$AC$10)*$AD$10,2))) | AE44: =IF($AD44="","",ROUND($AD44*$AE$10,2)) | AG44: =IF(ISERROR(IF($AF44="","",ROUND(($AF44/$AF$10)*$AG$10,2))),"",IF($AF44="","",ROUND(($AF44/$AF$10)*$AG$10,2))) | AH44: =IF($AG44="","",ROUND($AG44*$AH$10,2)) | AI44: =IF(ISERROR(IF($AF44="","",ROUND(SUM($R44,$AE44,$AH44),2))),"",IF($AF44="","",ROUND(SUM($R44,$AE44,$AH44),2))) | AJ44: =IF(ISERROR(IF($AF44="","",VLOOKUP(AI44,TRANSMUTATION_TABLE,4,TRUE))),"",IF($AF44="","",VLOOKUP(AI44,TRANSMUTATION_TABLE,4,TRUE)))
A45: 34 | B45: ='INPUT DATA'!B45 -> 0 | P45: =IF(COUNT($F45:$O45)=0,"",SUM($F45:$O45)) | Q45: =IF(ISERROR(IF($P45="","",ROUND(($P45/$P$10)*$Q$10,2))),"",IF($P45="","",ROUND(($P45/$P$10)*$Q$10,2))) | R45: =IF($Q45="","",ROUND($Q45*$R$10,2)) | AC45: =IF(COUNT($S45:$AB45)=0,"",SUM($S45:$AB45)) | AD45: =IF(ISERROR(IF($AC45="","",ROUND(($AC45/$AC$10)*$AD$10,2))),"",IF($AC45="","",ROUND(($AC45/$AC$10)*$AD$10,2))) | AE45: =IF($AD45="","",ROUND($AD45*$AE$10,2)) | AG45: =IF(ISERROR(IF($AF45="","",ROUND(($AF45/$AF$10)*$AG$10,2))),"",IF($AF45="","",ROUND(($AF45/$AF$10)*$AG$10,2))) | AH45: =IF($AG45="","",ROUND($AG45*$AH$10,2)) | AI45: =IF(ISERROR(IF($AF45="","",ROUND(SUM($R45,$AE45,$AH45),2))),"",IF($AF45="","",ROUND(SUM($R45,$AE45,$AH45),2))) | AJ45: =IF(ISERROR(IF($AF45="","",VLOOKUP(AI45,TRANSMUTATION_TABLE,4,TRUE))),"",IF($AF45="","",VLOOKUP(AI45,TRANSMUTATION_TABLE,4,TRUE)))
... A61: 50 | B61: ='INPUT DATA'!B61 -> 0 | P61: =IF(COUNT($F61:$O61)=0,"",SUM($F61:$O61)) | Q61: =IF(ISERROR(IF($P61="","",ROUND(($P61/$P$10)*$Q$10,2))),"",IF($P61="","",ROUND(($P61/$P$10)*$Q$10,2))) | R61: =IF($Q61="","",ROUND($Q61*$R$10,2)) | AC61: =IF(COUNT($S61:$AB61)=0,"",SUM($S61:$AB61)) | AD61: =IF(ISERROR(IF($AC61="","",ROUND(($AC61/$AC$10)*$AD$10,2))),"",IF($AC61="","",ROUND(($AC61/$AC$10)*$AD$10,2))) | AE61: =IF($AD61="","",ROUND($AD61*$AE$10,2)) | AG61: =IF(ISERROR(IF($AF61="","",ROUND(($AF61/$AF$10)*$AG$10,2))),"",IF($AF61="","",ROUND(($AF61/$AF$10)*$AG$10,2))) | AH61: =IF($AG61="","",ROUND($AG61*$AH$10,2)) | AI61: =IF(ISERROR(IF($AF61="","",ROUND(SUM($R61,$AE61,$AH61),2))),"",IF($AF61="","",ROUND(SUM($R61,$AE61,$AH61),2))) | AJ61: =IF(ISERROR(IF($AF61="","",VLOOKUP(AI61,TRANSMUTATION_TABLE,4,TRUE))),"",IF($AF61="","",VLOOKUP(AI61,TRANSMUTATION_TABLE,4,TRUE)))
B62: FEMALE
A63: 1 | B63: ='INPUT DATA'!B63 -> Azuelo,Jenn Mae Abenierra | F63: 6 | P63: =IF(COUNT($F63:$O63)=0,"",SUM($F63:$O63)) -> 6 | Q63: =IF(ISERROR(IF($P63="","",ROUND(($P63/$P$10)*$Q$10,2))),"",IF($P63="","",ROUND(($P63/$P$10)*$Q$10,2))) -> 8 | R63: =IF($Q63="","",ROUND($Q63*$R$10,2)) -> 2.4 | AC63: =IF(COUNT($S63:$AB63)=0,"",SUM($S63:$AB63)) | AD63: =IF(ISERROR(IF($AC63="","",ROUND(($AC63/$AC$10)*$AD$10,2))),"",IF($AC63="","",ROUND(($AC63/$AC$10)*$AD$10,2))) | AE63: =IF($AD63="","",ROUND($AD63*$AE$10,2)) | AG63: =IF(ISERROR(IF($AF63="","",ROUND(($AF63/$AF$10)*$AG$10,2))),"",IF($AF63="","",ROUND(($AF63/$AF$10)*$AG$10,2))) | AH63: =IF($AG63="","",ROUND($AG63*$AH$10,2)) | AI63: =IF(ISERROR(IF($AF63="","",ROUND(SUM($R63,$AE63,$AH63),2))),"",IF($AF63="","",ROUND(SUM($R63,$AE63,$AH63),2))) | AJ63: =IF(ISERROR(IF($AF63="","",VLOOKUP(AI63,TRANSMUTATION_TABLE,4,TRUE))),"",IF($AF63="","",VLOOKUP(AI63,TRANSMUTATION_TABLE,4,TRUE)))
A64: 2 | B64: ='INPUT DATA'!B64 -> Buan, Maria Dyniss | F64: 7 | G64: 10 | H64: 15 | I64: 10 | J64: 9 | K64: 8 | L64: 7 | P64: =IF(COUNT($F64:$O64)=0,"",SUM($F64:$O64)) -> 66 | Q64: =IF(ISERROR(IF($P64="","",ROUND(($P64/$P$10)*$Q$10,2))),"",IF($P64="","",ROUND(($P64/$P$10)*$Q$10,2))) -> 88 | R64: =IF($Q64="","",ROUND($Q64*$R$10,2)) -> 26.4 | S64: 20 | T64: 6 | U64: 7 | V64: 10 | W64: 14 | X64: 6 | AC64: =IF(COUNT($S64:$AB64)=0,"",SUM($S64:$AB64)) -> 63 | AD64: =IF(ISERROR(IF($AC64="","",ROUND(($AC64/$AC$10)*$AD$10,2))),"",IF($AC64="","",ROUND(($AC64/$AC$10)*$AD$10,2))) -> 70 | AE64: =IF($AD64="","",ROUND($AD64*$AE$10,2)) -> 35 | AF64: 45 | AG64: =IF(ISERROR(IF($AF64="","",ROUND(($AF64/$AF$10)*$AG$10,2))),"",IF($AF64="","",ROUND(($AF64/$AF$10)*$AG$10,2))) -> 90 | AH64: =IF($AG64="","",ROUND($AG64*$AH$10,2)) -> 18 | AI64: =IF(ISERROR(IF($AF64="","",ROUND(SUM($R64,$AE64,$AH64),2))),"",IF($AF64="","",ROUND(SUM($R64,$AE64,$AH64),2))) -> 79.4 | AJ64: =IF(ISERROR(IF($AF64="","",VLOOKUP(AI64,TRANSMUTATION_TABLE,4,TRUE))),"",IF($AF64="","",VLOOKUP(AI64,TRANSMUTATION_TABLE,4,TRUE))) -> 87
A65: 3 | B65: ='INPUT DATA'!B65 -> Bujala, Jaylovelyn Mabini | F65: 8 | G65: 9 | H65: 15 | I65: 7 | J65: 5 | K65: 8 | L65: 7 | P65: =IF(COUNT($F65:$O65)=0,"",SUM($F65:$O65)) -> 59 | Q65: =IF(ISERROR(IF($P65="","",ROUND(($P65/$P$10)*$Q$10,2))),"",IF($P65="","",ROUND(($P65/$P$10)*$Q$10,2))) -> 78.67 | R65: =IF($Q65="","",ROUND($Q65*$R$10,2)) -> 23.6 | S65: 20 | T65: 9 | U65: 8 | V65: 19 | W65: 17 | X65: 8 | AC65: =IF(COUNT($S65:$AB65)=0,"",SUM($S65:$AB65)) -> 81 | AD65: =IF(ISERROR(IF($AC65="","",ROUND(($AC65/$AC$10)*$AD$10,2))),"",IF($AC65="","",ROUND(($AC65/$AC$10)*$AD$10,2))) -> 90 | AE65: =IF($AD65="","",ROUND($AD65*$AE$10,2)) -> 45 | AF65: 43 | AG65: =IF(ISERROR(IF($AF65="","",ROUND(($AF65/$AF$10)*$AG$10,2))),"",IF($AF65="","",ROUND(($AF65/$AF$10)*$AG$10,2))) -> 86 | AH65: =IF($AG65="","",ROUND($AG65*$AH$10,2)) -> 17.2 | AI65: =IF(ISERROR(IF($AF65="","",ROUND(SUM($R65,$AE65,$AH65),2))),"",IF($AF65="","",ROUND(SUM($R65,$AE65,$AH65),2))) -> 85.8 | AJ65: =IF(ISERROR(IF($AF65="","",VLOOKUP(AI65,TRANSMUTATION_TABLE,4,TRUE))),"",IF($AF65="","",VLOOKUP(AI65,TRANSMUTATION_TABLE,4,TRUE))) -> 91
A66: 4 | B66: ='INPUT DATA'!B66 -> Canete Nieran Alinsuas | F66: 8 | G66: 9 | H66: 13 | I66: 7 | J66: 7 | K66: 6 | L66: 8 | P66: =IF(COUNT($F66:$O66)=0,"",SUM($F66:$O66)) -> 58 | Q66: =IF(ISERROR(IF($P66="","",ROUND(($P66/$P$10)*$Q$10,2))),"",IF($P66="","",ROUND(($P66/$P$10)*$Q$10,2))) -> 77.33 | R66: =IF($Q66="","",ROUND($Q66*$R$10,2)) -> 23.2 | S66: 18 | T66: 10 | U66: 8 | V66: 15 | W66: 15 | X66: 7 | AC66: =IF(COUNT($S66:$AB66)=0,"",SUM($S66:$AB66)) -> 73 | AD66: =IF(ISERROR(IF($AC66="","",ROUND(($AC66/$AC$10)*$AD$10,2))),"",IF($AC66="","",ROUND(($AC66/$AC$10)*$AD$10,2))) -> 81.11 | AE66: =IF($AD66="","",ROUND($AD66*$AE$10,2)) -> 40.56 | AF66: 49 | AG66: =IF(ISERROR(IF($AF66="","",ROUND(($AF66/$AF$10)*$AG$10,2))),"",IF($AF66="","",ROUND(($AF66/$AF$10)*$AG$10,2))) -> 98 | AH66: =IF($AG66="","",ROUND($AG66*$AH$10,2)) -> 19.6 | AI66: =IF(ISERROR(IF($AF66="","",ROUND(SUM($R66,$AE66,$AH66),2))),"",IF($AF66="","",ROUND(SUM($R66,$AE66,$AH66),2))) -> 83.36 | AJ66: =IF(ISERROR(IF($AF66="","",VLOOKUP(AI66,TRANSMUTATION_TABLE,4,TRUE))),"",IF($AF66="","",VLOOKUP(AI66,TRANSMUTATION_TABLE,4,TRUE))) -> 89
A67: 5 | B67: ='INPUT DATA'!B67 -> Canlapan Mayline | F67: 4 | G67: 5 | H67: 12 | I67: 7 | J67: 3 | K67: 6 | L67: 8 | P67: =IF(COUNT($F67:$O67)=0,"",SUM($F67:$O67)) -> 45 | Q67: =IF(ISERROR(IF($P67="","",ROUND(($P67/$P$10)*$Q$10,2))),"",IF($P67="","",ROUND(($P67/$P$10)*$Q$10,2))) -> 60 | R67: =IF($Q67="","",ROUND($Q67*$R$10,2)) -> 18 | S67: 15 | T67: 5 | U67: 7 | V67: 10 | W67: 15 | X67: 7 | AC67: =IF(COUNT($S67:$AB67)=0,"",SUM($S67:$AB67)) -> 59 | AD67: =IF(ISERROR(IF($AC67="","",ROUND(($AC67/$AC$10)*$AD$10,2))),"",IF($AC67="","",ROUND(($AC67/$AC$10)*$AD$10,2))) -> 65.56 | AE67: =IF($AD67="","",ROUND($AD67*$AE$10,2)) -> 32.78 | AF67: 42 | AG67: =IF(ISERROR(IF($AF67="","",ROUND(($AF67/$AF$10)*$AG$10,2))),"",IF($AF67="","",ROUND(($AF67/$AF$10)*$AG$10,2))) -> 84 | AH67: =IF($AG67="","",ROUND($AG67*$AH$10,2)) -> 16.8 | AI67: =IF(ISERROR(IF($AF67="","",ROUND(SUM($R67,$AE67,$AH67),2))),"",IF($AF67="","",ROUND(SUM($R67,$AE67,$AH67),2))) -> 67.58 | AJ67: =IF(ISERROR(IF($AF67="","",VLOOKUP(AI67,TRANSMUTATION_TABLE,4,TRUE))),"",IF($AF67="","",VLOOKUP(AI67,TRANSMUTATION_TABLE,4,TRUE))) -> 79
A68: 6 | B68: ='INPUT DATA'!B68 -> Caoleng Simoune Gabrielle | F68: 8 | G68: 5 | H68: 14 | I68: 10 | J68: 10 | K68: 8 | L68: 9 | P68: =IF(COUNT($G68:$O68)=0,"",SUM($G68:$O68)) -> 56 | Q68: =IF(ISERROR(IF($P68="","",ROUND(($P68/$P$10)*$Q$10,2))),"",IF($P68="","",ROUND(($P68/$P$10)*$Q$10,2))) -> 74.67 | R68: =IF($Q68="","",ROUND($Q68*$R$10,2)) -> 22.4 | S68: 20 | T68: 10 | U68: 9 | V68: 18 | W68: 19 | X68: 9 | AC68: =IF(COUNT($S68:$AB68)=0,"",SUM($S68:$AB68)) -> 85 | AD68: =IF(ISERROR(IF($AC68="","",ROUND(($AC68/$AC$10)*$AD$10,2))),"",IF($AC68="","",ROUND(($AC68/$AC$10)*$AD$10,2))) -> 94.44 | AE68: =IF($AD68="","",ROUND($AD68*$AE$10,2)) -> 47.22 | AF68: 49 | AG68: =IF(ISERROR(IF($AF68="","",ROUND(($AF68/$AF$10)*$AG$10,2))),"",IF($AF68="","",ROUND(($AF68/$AF$10)*$AG$10,2))) -> 98 | AH68: =IF($AG68="","",ROUND($AG68*$AH$10,2)) -> 19.6 | AI68: =IF(ISERROR(IF($AF68="","",ROUND(SUM($R68,$AE68,$AH68),2))),"",IF($AF68="","",ROUND(SUM($R68,$AE68,$AH68),2))) -> 89.22 | AJ68: =IF(ISERROR(IF($AF68="","",VLOOKUP(AI68,TRANSMUTATION_TABLE,4,TRUE))),"",IF($AF68="","",VLOOKUP(AI68,TRANSMUTATION_TABLE,4,TRUE))) -> 93
A69: 7 | B69: ='INPUT DATA'!B69 -> De Leon Jannadhine Breboneria | F69: 8 | G69: 9 | H69: 11 | I69: 7 | J69: 10 | K69: 7 | L69: 8 | P69: =IF(COUNT($F69:$O69)=0,"",SUM($F69:$O69)) -> 60 | Q69: =IF(ISERROR(IF($P69="","",ROUND(($P69/$P$10)*$Q$10,2))),"",IF($P69="","",ROUND(($P69/$P$10)*$Q$10,2))) -> 80 | R69: =IF($Q69="","",ROUND($Q69*$R$10,2)) -> 24 | S69: 16 | T69: 8 | U69: 7 | V69: 18 | W69: 17 | X69: 8 | AC69: =IF(COUNT($S69:$AB69)=0,"",SUM($S69:$AB69)) -> 74 | AD69: =IF(ISERROR(IF($AC69="","",ROUND(($AC69/$AC$10)*$AD$10,2))),"",IF($AC69="","",ROUND(($AC69/$AC$10)*$AD$10,2))) -> 82.22 | AE69: =IF($AD69="","",ROUND($AD69*$AE$10,2)) -> 41.11 | AF69: 40 | AG69: =IF(ISERROR(IF($AF69="","",ROUND(($AF69/$AF$10)*$AG$10,2))),"",IF($AF69="","",ROUND(($AF69/$AF$10)*$AG$10,2))) -> 80 | AH69: =IF($AG69="","",ROUND($AG69*$AH$10,2)) -> 16 | AI69: =IF(ISERROR(IF($AF69="","",ROUND(SUM($R69,$AE69,$AH69),2))),"",IF($AF69="","",ROUND(SUM($R69,$AE69,$AH69),2))) -> 81.11 | AJ69: =IF(ISERROR(IF($AF69="","",VLOOKUP(AI69,TRANSMUTATION_TABLE,4,TRUE))),"",IF($AF69="","",VLOOKUP(AI69,TRANSMUTATION_TABLE,4,TRUE))) -> 88
A70: 8 | B70: ='INPUT DATA'!B70 -> Enriquez, Kyrie Haboc | F70: 7 | G70: 5 | H70: 12 | I70: 10 | J70: 10 | K70: 7 | L70: 8 | P70: =IF(COUNT($F70:$O70)=0,"",SUM($F70:$O70)) -> 59 | Q70: =IF(ISERROR(IF($P70="","",ROUND(($P70/$P$10)*$Q$10,2))),"",IF($P70="","",ROUND(($P70/$P$10)*$Q$10,2))) -> 78.67 | R70: =IF($Q70="","",ROUND($Q70*$R$10,2)) -> 23.6 | S70: 10 | T70: 5 | U70: 7 | V70: 20 | W70: 17 | X70: 8 | AC70: =IF(COUNT($S70:$AB70)=0,"",SUM($S70:$AB70)) -> 67 | AD70: =IF(ISERROR(IF($AC70="","",ROUND(($AC70/$AC$10)*$AD$10,2))),"",IF($AC70="","",ROUND(($AC70/$AC$10)*$AD$10,2))) -> 74.44 | AE70: =IF($AD70="","",ROUND($AD70*$AE$10,2)) -> 37.22 | AF70: 47 | AG70: =IF(ISERROR(IF($AF70="","",ROUND(($AF70/$AF$10)*$AG$10,2))),"",IF($AF70="","",ROUND(($AF70/$AF$10)*$AG$10,2))) -> 94 | AH70: =IF($AG70="","",ROUND($AG70*$AH$10,2)) -> 18.8 | AI70: =IF(ISERROR(IF($AF70="","",ROUND(SUM($R70,$AE70,$AH70),2))),"",IF($AF70="","",ROUND(SUM($R70,$AE70,$AH70),2))) -> 79.62 | AJ70: =IF(ISERROR(IF($AF70="","",VLOOKUP(AI70,TRANSMUTATION_TABLE,4,TRUE))),"",IF($AF70="","",VLOOKUP(AI70,TRANSMUTATION_TABLE,4,TRUE))) -> 87
A71: 9 | B71: ='INPUT DATA'!B71 -> Estimada, Keiko | F71: 9 | G71: 9 | H71: 14 | I71: 7 | J71: 10 | K71: 8 | L71: 7 | P71: =IF(COUNT($F71:$O71)=0,"",SUM($F71:$O71)) -> 64 | Q71: =IF(ISERROR(IF($P71="","",ROUND(($P71/$P$10)*$Q$10,2))),"",IF($P71="","",ROUND(($P71/$P$10)*$Q$10,2))) -> 85.33 | R71: =IF($Q71="","",ROUND($Q71*$R$10,2)) -> 25.6 | S71: 18 | T71: 7 | U71: 6 | V71: 18 | W71: 17 | X71: 9 | AC71: =IF(COUNT($S71:$AB71)=0,"",SUM($S71:$AB71)) -> 75 | AD71: =IF(ISERROR(IF($AC71="","",ROUND(($AC71/$AC$10)*$AD$10,2))),"",IF($AC71="","",ROUND(($AC71/$AC$10)*$AD$10,2))) -> 83.33 | AE71: =IF($AD71="","",ROUND($AD71*$AE$10,2)) -> 41.67 | AF71: 44 | AG71: =IF(ISERROR(IF($AF71="","",ROUND(($AF71/$AF$10)*$AG$10,2))),"",IF($AF71="","",ROUND(($AF71/$AF$10)*$AG$10,2))) -> 88 | AH71: =IF($AG71="","",ROUND($AG71*$AH$10,2)) -> 17.6 | AI71: =IF(ISERROR(IF($AF71="","",ROUND(SUM($R71,$AE71,$AH71),2))),"",IF($AF71="","",ROUND(SUM($R71,$AE71,$AH71),2))) -> 84.87 | AJ71: =IF(ISERROR(IF($AF71="","",VLOOKUP(AI71,TRANSMUTATION_TABLE,4,TRUE))),"",IF($AF71="","",VLOOKUP(AI71,TRANSMUTATION_TABLE,4,TRUE))) -> 90
A72: 10 | B72: ='INPUT DATA'!B72 -> Flores, Nicole Faith Icban | F72: 7 | G72: 10 | H72: 5 | I72: 8 | J72: 9 | K72: 9 | L72: 8 | P72: =IF(COUNT($F72:$O72)=0,"",SUM($F72:$O72)) -> 56 | Q72: =IF(ISERROR(IF($P72="","",ROUND(($P72/$P$10)*$Q$10,2))),"",IF($P72="","",ROUND(($P72/$P$10)*$Q$10,2))) -> 74.67 | R72: =IF($Q72="","",ROUND($Q72*$R$10,2)) -> 22.4 | S72: 20 | T72: 6 | U72: 9 | V72: 19 | W72: 15 | X72: 7 | AC72: =IF(COUNT($S72:$AB72)=0,"",SUM($S72:$AB72)) -> 76 | AD72: =IF(ISERROR(IF($AC72="","",ROUND(($AC72/$AC$10)*$AD$10,2))),"",IF($AC72="","",ROUND(($AC72/$AC$10)*$AD$10,2))) -> 84.44 | AE72: =IF($AD72="","",ROUND($AD72*$AE$10,2)) -> 42.22 | AF72: 47 | AG72: =IF(ISERROR(IF($AF72="","",ROUND(($AF72/$AF$10)*$AG$10,2))),"",IF($AF72="","",ROUND(($AF72/$AF$10)*$AG$10,2))) -> 94 | AH72: =IF($AG72="","",ROUND($AG72*$AH$10,2)) -> 18.8 | AI72: =IF(ISERROR(IF($AF72="","",ROUND(SUM($R72,$AE72,$AH72),2))),"",IF($AF72="","",ROUND(SUM($R72,$AE72,$AH72),2))) -> 83.42 | AJ72: =IF(ISERROR(IF($AF72="","",VLOOKUP(AI72,TRANSMUTATION_TABLE,4,TRUE))),"",IF($AF72="","",VLOOKUP(AI72,TRANSMUTATION_TABLE,4,TRUE))) -> 89
A73: 11 | B73: ='INPUT DATA'!B73 -> Gabiano, Zyree | F73: 8 | G73: 9 | H73: 10 | I73: 9 | J73: 9 | K73: 7 | L73: 7 | P73: =IF(COUNT($F73:$O73)=0,"",SUM($F73:$O73)) -> 59 | Q73: =IF(ISERROR(IF($P73="","",ROUND(($P73/$P$10)*$Q$10,2))),"",IF($P73="","",ROUND(($P73/$P$10)*$Q$10,2))) -> 78.67 | R73: =IF($Q73="","",ROUND($Q73*$R$10,2)) -> 23.6 | S73: 18 | T73: 4 | U73: 7 | V73: 20 | W73: 17 | X73: 8 | AC73: =IF(COUNT($S73:$AB73)=0,"",SUM($S73:$AB73)) -> 74 | AD73: =IF(ISERROR(IF($AC73="","",ROUND(($AC73/$AC$10)*$AD$10,2))),"",IF($AC73="","",ROUND(($AC73/$AC$10)*$AD$10,2))) -> 82.22 | AE73: =IF($AD73="","",ROUND($AD73*$AE$10,2)) -> 41.11 | AF73: 45 | AG73: =IF(ISERROR(IF($AF73="","",ROUND(($AF73/$AF$10)*$AG$10,2))),"",IF($AF73="","",ROUND(($AF73/$AF$10)*$AG$10,2))) -> 90 | AH73: =IF($AG73="","",ROUND($AG73*$AH$10,2)) -> 18 | AI73: =IF(ISERROR(IF($AF73="","",ROUND(SUM($R73,$AE73,$AH73),2))),"",IF($AF73="","",ROUND(SUM($R73,$AE73,$AH73),2))) -> 82.71 | AJ73: =IF(ISERROR(IF($AF73="","",VLOOKUP(AI73,TRANSMUTATION_TABLE,4,TRUE))),"",IF($AF73="","",VLOOKUP(AI73,TRANSMUTATION_TABLE,4,TRUE))) -> 89
A74: 12 | B74: ='INPUT DATA'!B74 -> Galula, Allyza Sophia | F74: 8 | G74: 5 | H74: 13 | I74: 6 | J74: 5 | K74: 8 | L74: 8 | P74: =IF(COUNT($F74:$O74)=0,"",SUM($F74:$O74)) -> 53 | Q74: =IF(ISERROR(IF($P74="","",ROUND(($P74/$P$10)*$Q$10,2))),"",IF($P74="","",ROUND(($P74/$P$10)*$Q$10,2))) -> 70.67 | R74: =IF($Q74="","",ROUND($Q74*$R$10,2)) -> 21.2 | S74: 10 | T74: 5 | U74: 8 | V74: 16 | W74: 17 | X74: 9 | AC74: =IF(COUNT($S74:$AB74)=0,"",SUM($S74:$AB74)) -> 65 | AD74: =IF(ISERROR(IF($AC74="","",ROUND(($AC74/$AC$10)*$AD$10,2))),"",IF($AC74="","",ROUND(($AC74/$AC$10)*$AD$10,2))) -> 72.22 | AE74: =IF($AD74="","",ROUND($AD74*$AE$10,2)) -> 36.11 | AF74: 48 | AG74: =IF(ISERROR(IF($AF74="","",ROUND(($AF74/$AF$10)*$AG$10,2))),"",IF($AF74="","",ROUND(($AF74/$AF$10)*$AG$10,2))) -> 96 | AH74: =IF($AG74="","",ROUND($AG74*$AH$10,2)) -> 19.2 | AI74: =IF(ISERROR(IF($AF74="","",ROUND(SUM($R74,$AE74,$AH74),2))),"",IF($AF74="","",ROUND(SUM($R74,$AE74,$AH74),2))) -> 76.51 | AJ74: =IF(ISERROR(IF($AF74="","",VLOOKUP(AI74,TRANSMUTATION_TABLE,4,TRUE))),"",IF($AF74="","",VLOOKUP(AI74,TRANSMUTATION_TABLE,4,TRUE))) -> 85
A75: 13 | B75: ='INPUT DATA'!B75 -> Garcia, Quennie Malungcut | F75: 7 | G75: 9 | H75: 14 | I75: 10 | J75: 8 | K75: 7 | L75: 7 | P75: =IF(COUNT($F75:$O75)=0,"",SUM($F75:$O75)) -> 62 | Q75: =IF(ISERROR(IF($P75="","",ROUND(($P75/$P$10)*$Q$10,2))),"",IF($P75="","",ROUND(($P75/$P$10)*$Q$10,2))) -> 82.67 | R75: =IF($Q75="","",ROUND($Q75*$R$10,2)) -> 24.8 | S75: 19 | T75: 7 | U75: 7 | V75: 16 | W75: 15 | X75: 7 | AC75: =IF(COUNT($S75:$AB75)=0,"",SUM($S75:$AB75)) -> 71 | AD75: =IF(ISERROR(IF($AC75="","",ROUND(($AC75/$AC$10)*$AD$10,2))),"",IF($AC75="","",ROUND(($AC75/$AC$10)*$AD$10,2))) -> 78.89 | AE75: =IF($AD75="","",ROUND($AD75*$AE$10,2)) -> 39.45 | AF75: 48 | AG75: =IF(ISERROR(IF($AF75="","",ROUND(($AF75/$AF$10)*$AG$10,2))),"",IF($AF75="","",ROUND(($AF75/$AF$10)*$AG$10,2))) -> 96 | AH75: =IF($AG75="","",ROUND($AG75*$AH$10,2)) -> 19.2 | AI75: =IF(ISERROR(IF($AF75="","",ROUND(SUM($R75,$AE75,$AH75),2))),"",IF($AF75="","",ROUND(SUM($R75,$AE75,$AH75),2))) -> 83.45 | AJ75: =IF(ISERROR(IF($AF75="","",VLOOKUP(AI75,TRANSMUTATION_TABLE,4,TRUE))),"",IF($AF75="","",VLOOKUP(AI75,TRANSMUTATION_TABLE,4,TRUE))) -> 89
A76: 14 | B76: ='INPUT DATA'!B76 -> Manalastas, Starr | F76: 7 | G76: 10 | H76: 5 | I76: 10 | J76: 10 | K76: 7 | L76: 8 | P76: =IF(COUNT($F76:$O76)=0,"",SUM($F76:$O76)) -> 57 | Q76: =IF(ISERROR(IF($P76="","",ROUND(($P76/$P$10)*$Q$10,2))),"",IF($P76="","",ROUND(($P76/$P$10)*$Q$10,2))) -> 76 | R76: =IF($Q76="","",ROUND($Q76*$R$10,2)) -> 22.8 | S76: 20 | T76: 8 | U76: 7 | V76: 15 | W76: 10 | X76: 8 | AC76: =IF(COUNT($S76:$AB76)=0,"",SUM($S76:$AB76)) -> 68 | AD76: =IF(ISERROR(IF($AC76="","",ROUND(($AC76/$AC$10)*$AD$10,2))),"",IF($AC76="","",ROUND(($AC76/$AC$10)*$AD$10,2))) -> 75.56 | AE76: =IF($AD76="","",ROUND($AD76*$AE$10,2)) -> 37.78 | AF76: 45 | AG76: =IF(ISERROR(IF($AF76="","",ROUND(($AF76/$AF$10)*$AG$10,2))),"",IF($AF76="","",ROUND(($AF76/$AF$10)*$AG$10,2))) -> 90 | AH76: =IF($AG76="","",ROUND($AG76*$AH$10,2)) -> 18 | AI76: =IF(ISERROR(IF($AF76="","",ROUND(SUM($R76,$AE76,$AH76),2))),"",IF($AF76="","",ROUND(SUM($R76,$AE76,$AH76),2))) -> 78.58 | AJ76: =IF(ISERROR(IF($AF76="","",VLOOKUP(AI76,TRANSMUTATION_TABLE,4,TRUE))),"",IF($AF76="","",VLOOKUP(AI76,TRANSMUTATION_TABLE,4,TRUE))) -> 86
A77: 15 | B77: ='INPUT DATA'!B77 -> Marangit, Sanifa Camaya | F77: 8 | G77: 10 | H77: 14 | I77: 9 | J77: 10 | K77: 8 | L77: 8 | P77: =IF(COUNT($F77:$O77)=0,"",SUM($F77:$O77)) -> 67 | Q77: =IF(ISERROR(IF($P77="","",ROUND(($P77/$P$10)*$Q$10,2))),"",IF($P77="","",ROUND(($P77/$P$10)*$Q$10,2))) -> 89.33 | R77: =IF($Q77="","",ROUND($Q77*$R$10,2)) -> 26.8 | S77: 10 | T77: 10 | U77: 8 | V77: 10 | W77: 15 | X77: 8 | AC77: =IF(COUNT($S77:$AB77)=0,"",SUM($S77:$AB77)) -> 61 | AD77: =IF(ISERROR(IF($AC77="","",ROUND(($AC77/$AC$10)*$AD$10,2))),"",IF($AC77="","",ROUND(($AC77/$AC$10)*$AD$10,2))) -> 67.78 | AE77: =IF($AD77="","",ROUND($AD77*$AE$10,2)) -> 33.89 | AF77: 48 | AG77: =IF(ISERROR(IF($AF77="","",ROUND(($AF77/$AF$10)*$AG$10,2))),"",IF($AF77="","",ROUND(($AF77/$AF$10)*$AG$10,2))) -> 96 | AH77: =IF($AG77="","",ROUND($AG77*$AH$10,2)) -> 19.2 | AI77: =IF(ISERROR(IF($AF77="","",ROUND(SUM($R77,$AE77,$AH77),2))),"",IF($AF77="","",ROUND(SUM($R77,$AE77,$AH77),2))) -> 79.89 | AJ77: =IF(ISERROR(IF($AF77="","",VLOOKUP(AI77,TRANSMUTATION_TABLE,4,TRUE))),"",IF($AF77="","",VLOOKUP(AI77,TRANSMUTATION_TABLE,4,TRUE))) -> 87
A78: 16 | B78: ='INPUT DATA'!B78 -> Mongcal, Mangcal Arcataka | F78: 7 | G78: 9 | H78: 14 | I78: 9 | J78: 10 | K78: 7 | L78: 7 | P78: =IF(COUNT($F78:$O78)=0,"",SUM($F78:$O78)) -> 63 | Q78: =IF(ISERROR(IF($P78="","",ROUND(($P78/$P$10)*$Q$10,2))),"",IF($P78="","",ROUND(($P78/$P$10)*$Q$10,2))) -> 84 | R78: =IF($Q78="","",ROUND($Q78*$R$10,2)) -> 25.2 | S78: 20 | T78: 5 | U78: 6 | V78: 15 | W78: 10 | X78: 7 | AC78: =IF(COUNT($S78:$AB78)=0,"",SUM($S78:$AB78)) -> 63 | AD78: =IF(ISERROR(IF($AC78="","",ROUND(($AC78/$AC$10)*$AD$10,2))),"",IF($AC78="","",ROUND(($AC78/$AC$10)*$AD$10,2))) -> 70 | AE78: =IF($AD78="","",ROUND($AD78*$AE$10,2)) -> 35 | AF78: 43 | AG78: =IF(ISERROR(IF($AF78="","",ROUND(($AF78/$AF$10)*$AG$10,2))),"",IF($AF78="","",ROUND(($AF78/$AF$10)*$AG$10,2))) -> 86 | AH78: =IF($AG78="","",ROUND($AG78*$AH$10,2)) -> 17.2 | AI78: =IF(ISERROR(IF($AF78="","",ROUND(SUM($R78,$AE78,$AH78),2))),"",IF($AF78="","",ROUND(SUM($R78,$AE78,$AH78),2))) -> 77.4 | AJ78: =IF(ISERROR(IF($AF78="","",VLOOKUP(AI78,TRANSMUTATION_TABLE,4,TRUE))),"",IF($AF78="","",VLOOKUP(AI78,TRANSMUTATION_TABLE,4,TRUE))) -> 85
A79: 17 | B79: ='INPUT DATA'!B79 -> Panganiban, Micah Jewel | F79: 9 | G79: 10 | H79: 13 | I79: 7 | J79: 10 | K79: 9 | L79: 8 | P79: =IF(COUNT($F79:$O79)=0,"",SUM($F79:$O79)) -> 66 | Q79: =IF(ISERROR(IF($P79="","",ROUND(($P79/$P$10)*$Q$10,2))),"",IF($P79="","",ROUND(($P79/$P$10)*$Q$10,2))) -> 88 | R79: =IF($Q79="","",ROUND($Q79*$R$10,2)) -> 26.4 | S79: 20 | T79: 10 | U79: 7 | V79: 20 | W79: 17 | X79: 8 | AC79: =IF(COUNT($S79:$AB79)=0,"",SUM($S79:$AB79)) -> 82 | AD79: =IF(ISERROR(IF($AC79="","",ROUND(($AC79/$AC$10)*$AD$10,2))),"",IF($AC79="","",ROUND(($AC79/$AC$10)*$AD$10,2))) -> 91.11 | AE79: =IF($AD79="","",ROUND($AD79*$AE$10,2)) -> 45.56 | AF79: 45 | AG79: =IF(ISERROR(IF($AF79="","",ROUND(($AF79/$AF$10)*$AG$10,2))),"",IF($AF79="","",ROUND(($AF79/$AF$10)*$AG$10,2))) -> 90 | AH79: =IF($AG79="","",ROUND($AG79*$AH$10,2)) -> 18 | AI79: =IF(ISERROR(IF($AF79="","",ROUND(SUM($R79,$AE79,$AH79),2))),"",IF($AF79="","",ROUND(SUM($R79,$AE79,$AH79),2))) -> 89.96 | AJ79: =IF(ISERROR(IF($AF79="","",VLOOKUP(AI79,TRANSMUTATION_TABLE,4,TRUE))),"",IF($AF79="","",VLOOKUP(AI79,TRANSMUTATION_TABLE,4,TRUE))) -> 93
A80: 18 | B80: ='INPUT DATA'!B80 -> Paras, Mician Rae Buntog | F80: 7 | G80: 10 | H80: 13 | I80: 8 | J80: 9 | K80: 7 | L80: 8 | P80: =IF(COUNT($F80:$O80)=0,"",SUM($F80:$O80)) -> 62 | Q80: =IF(ISERROR(IF($P80="","",ROUND(($P80/$P$10)*$Q$10,2))),"",IF($P80="","",ROUND(($P80/$P$10)*$Q$10,2))) -> 82.67 | R80: =IF($Q80="","",ROUND($Q80*$R$10,2)) -> 24.8 | S80: 19 | T80: 7 | U80: 8 | V80: 19 | W80: 17 | X80: 7 | AC80: =IF(COUNT($S80:$AB80)=0,"",SUM($S80:$AB80)) -> 77 | AD80: =IF(ISERROR(IF($AC80="","",ROUND(($AC80/$AC$10)*$AD$10,2))),"",IF($AC80="","",ROUND(($AC80/$AC$10)*$AD$10,2))) -> 85.56 | AE80: =IF($AD80="","",ROUND($AD80*$AE$10,2)) -> 42.78 | AF80: 48 | AG80: =IF(ISERROR(IF($AF80="","",ROUND(($AF80/$AF$10)*$AG$10,2))),"",IF($AF80="","",ROUND(($AF80/$AF$10)*$AG$10,2))) -> 96 | AH80: =IF($AG80="","",ROUND($AG80*$AH$10,2)) -> 19.2 | AI80: =IF(ISERROR(IF($AF80="","",ROUND(SUM($R80,$AE80,$AH80),2))),"",IF($AF80="","",ROUND(SUM($R80,$AE80,$AH80),2))) -> 86.78 | AJ80: =IF(ISERROR(IF($AF80="","",VLOOKUP(AI80,TRANSMUTATION_TABLE,4,TRUE))),"",IF($AF80="","",VLOOKUP(AI80,TRANSMUTATION_TABLE,4,TRUE))) -> 91
... A85: 23 | B85: ='INPUT DATA'!B85 -> Sunga Quiyane Binayog | F85: 8 | G85: 10 | H85: 15 | I85: 9 | J85: 10 | K85: 8 | L85: 7 | P85: =IF(COUNT($F85:$O85)=0,"",SUM($F85:$O85)) -> 67 | Q85: =IF(ISERROR(IF($P85="","",ROUND(($P85/$P$10)*$Q$10,2))),"",IF($P85="","",ROUND(($P85/$P$10)*$Q$10,2))) -> 89.33 | R85: =IF($Q85="","",ROUND($Q85*$R$10,2)) -> 26.8 | S85: 18 | T85: 6 | U85: 5 | V85: 16 | W85: 15 | X85: 5 | AC85: =IF(COUNT($S85:$AB85)=0,"",SUM($S85:$AB85)) -> 65 | AD85: =IF(ISERROR(IF($AC85="","",ROUND(($AC85/$AC$10)*$AD$10,2))),"",IF($AC85="","",ROUND(($AC85/$AC$10)*$AD$10,2))) -> 72.22 | AE85: =IF($AD85="","",ROUND($AD85*$AE$10,2)) -> 36.11 | AF85: 44 | AG85: =IF(ISERROR(IF($AF85="","",ROUND(($AF85/$AF$10)*$AG$10,2))),"",IF($AF85="","",ROUND(($AF85/$AF$10)*$AG$10,2))) -> 88 | AH85: =IF($AG85="","",ROUND($AG85*$AH$10,2)) -> 17.6 | AI85: =IF(ISERROR(IF($AF85="","",ROUND(SUM($R85,$AE85,$AH85),2))),"",IF($AF85="","",ROUND(SUM($R85,$AE85,$AH85),2))) -> 80.51 | AJ85: =IF(ISERROR(IF($AF85="","",VLOOKUP(AI85,TRANSMUTATION_TABLE,4,TRUE))),"",IF($AF85="","",VLOOKUP(AI85,TRANSMUTATION_TABLE,4,TRUE))) -> 87
A86: 24 | B86: ='INPUT DATA'!B86 -> Villavicencio Francine Mac Castro | P86: =IF(COUNT($F86:$O86)=0,"",SUM($F86:$O86)) | Q86: =IF(ISERROR(IF($P86="","",ROUND(($P86/$P$10)*$Q$10,2))),"",IF($P86="","",ROUND(($P86/$P$10)*$Q$10,2))) | R86: =IF($Q86="","",ROUND($Q86*$R$10,2)) | AC86: =IF(COUNT($S86:$AB86)=0,"",SUM($S86:$AB86)) | AD86: =IF(ISERROR(IF($AC86="","",ROUND(($AC86/$AC$10)*$AD$10,2))),"",IF($AC86="","",ROUND(($AC86/$AC$10)*$AD$10,2))) | AE86: =IF($AD86="","",ROUND($AD86*$AE$10,2)) | AG86: =IF(ISERROR(IF($AF86="","",ROUND(($AF86/$AF$10)*$AG$10,2))),"",IF($AF86="","",ROUND(($AF86/$AF$10)*$AG$10,2))) | AH86: =IF($AG86="","",ROUND($AG86*$AH$10,2)) | AI86: =IF(ISERROR(IF($AF86="","",ROUND(SUM($R86,$AE86,$AH86),2))),"",IF($AF86="","",ROUND(SUM($R86,$AE86,$AH86),2))) | AJ86: =IF(ISERROR(IF($AF86="","",VLOOKUP(AI86,TRANSMUTATION_TABLE,4,TRUE))),"",IF($AF86="","",VLOOKUP(AI86,TRANSMUTATION_TABLE,4,TRUE)))
A87: 25 | B87: ='INPUT DATA'!B87 -> Zamora Angel | F87: 8 | G87: 10 | H87: 15 | I87: 7 | J87: 10 | K87: 7 | L87: 8 | P87: =IF(COUNT($F87:$O87)=0,"",SUM($F87:$O87)) -> 65 | Q87: =IF(ISERROR(IF($P87="","",ROUND(($P87/$P$10)*$Q$10,2))),"",IF($P87="","",ROUND(($P87/$P$10)*$Q$10,2))) -> 86.67 | R87: =IF($Q87="","",ROUND($Q87*$R$10,2)) -> 26 | S87: 20 | T87: 7 | U87: 7 | V87: 17 | W87: 15 | X87: 7 | AC87: =IF(COUNT($S87:$AB87)=0,"",SUM($S87:$AB87)) -> 73 | AD87: =IF(ISERROR(IF($AC87="","",ROUND(($AC87/$AC$10)*$AD$10,2))),"",IF($AC87="","",ROUND(($AC87/$AC$10)*$AD$10,2))) -> 81.11 | AE87: =IF($AD87="","",ROUND($AD87*$AE$10,2)) -> 40.56 | AF87: 46 | AG87: =IF(ISERROR(IF($AF87="","",ROUND(($AF87/$AF$10)*$AG$10,2))),"",IF($AF87="","",ROUND(($AF87/$AF$10)*$AG$10,2))) -> 92 | AH87: =IF($AG87="","",ROUND($AG87*$AH$10,2)) -> 18.4 | AI87: =IF(ISERROR(IF($AF87="","",ROUND(SUM($R87,$AE87,$AH87),2))),"",IF($AF87="","",ROUND(SUM($R87,$AE87,$AH87),2))) -> 84.96 | AJ87: =IF(ISERROR(IF($AF87="","",VLOOKUP(AI87,TRANSMUTATION_TABLE,4,TRUE))),"",IF($AF87="","",VLOOKUP(AI87,TRANSMUTATION_TABLE,4,TRUE))) -> 90
A88: 26 | B88: ='INPUT DATA'!B88 -> Lazaro Karen | P88: =IF(COUNT($F88:$O88)=0,"",SUM($F88:$O88)) | Q88: =IF(ISERROR(IF($P88="","",ROUND(($P88/$P$10)*$Q$10,2))),"",IF($P88="","",ROUND(($P88/$P$10)*$Q$10,2))) | R88: =IF($Q88="","",ROUND($Q88*$R$10,2)) | AC88: =IF(COUNT($S88:$AB88)=0,"",SUM($S88:$AB88)) | AD88: =IF(ISERROR(IF($AC88="","",ROUND(($AC88/$AC$10)*$AD$10,2))),"",IF($AC88="","",ROUND(($AC88/$AC$10)*$AD$10,2))) | AE88: =IF($AD88="","",ROUND($AD88*$AE$10,2)) | AG88: =IF(ISERROR(IF($AF88="","",ROUND(($AF88/$AF$10)*$AG$10,2))),"",IF($AF88="","",ROUND(($AF88/$AF$10)*$AG$10,2))) | AH88: =IF($AG88="","",ROUND($AG88*$AH$10,2)) | AI88: =IF(ISERROR(IF($AF88="","",ROUND(SUM($R88,$AE88,$AH88),2))),"",IF($AF88="","",ROUND(SUM($R88,$AE88,$AH88),2))) | AJ88: =IF(ISERROR(IF($AF88="","",VLOOKUP(AI88,TRANSMUTATION_TABLE,4,TRUE))),"",IF($AF88="","",VLOOKUP(AI88,TRANSMUTATION_TABLE,4,TRUE)))
A89: 27 | B89: ='INPUT DATA'!B89 -> 0 | P89: =IF(COUNT($F89:$O89)=0,"",SUM($F89:$O89)) | Q89: =IF(ISERROR(IF($P89="","",ROUND(($P89/$P$10)*$Q$10,2))),"",IF($P89="","",ROUND(($P89/$P$10)*$Q$10,2))) | R89: =IF($Q89="","",ROUND($Q89*$R$10,2)) | AC89: =IF(COUNT($S89:$AB89)=0,"",SUM($S89:$AB89)) | AD89: =IF(ISERROR(IF($AC89="","",ROUND(($AC89/$AC$10)*$AD$10,2))),"",IF($AC89="","",ROUND(($AC89/$AC$10)*$AD$10,2))) | AE89: =IF($AD89="","",ROUND($AD89*$AE$10,2)) | AG89: =IF(ISERROR(IF($AF89="","",ROUND(($AF89/$AF$10)*$AG$10,2))),"",IF($AF89="","",ROUND(($AF89/$AF$10)*$AG$10,2))) | AH89: =IF($AG89="","",ROUND($AG89*$AH$10,2)) | AI89: =IF(ISERROR(IF($AF89="","",ROUND(SUM($R89,$AE89,$AH89),2))),"",IF($AF89="","",ROUND(SUM($R89,$AE89,$AH89),2))) | AJ89: =IF(ISERROR(IF($AF89="","",VLOOKUP(AI89,TRANSMUTATION_TABLE,4,TRUE))),"",IF($AF89="","",VLOOKUP(AI89,TRANSMUTATION_TABLE,4,TRUE)))
A90: 28 | B90: ='INPUT DATA'!B90 -> 0 | P90: =IF(COUNT($F90:$O90)=0,"",SUM($F90:$O90)) | Q90: =IF(ISERROR(IF($P90="","",ROUND(($P90/$P$10)*$Q$10,2))),"",IF($P90="","",ROUND(($P90/$P$10)*$Q$10,2))) | R90: =IF($Q90="","",ROUND($Q90*$R$10,2)) | AC90: =IF(COUNT($S90:$AB90)=0,"",SUM($S90:$AB90)) | AD90: =IF(ISERROR(IF($AC90="","",ROUND(($AC90/$AC$10)*$AD$10,2))),"",IF($AC90="","",ROUND(($AC90/$AC$10)*$AD$10,2))) | AE90: =IF($AD90="","",ROUND($AD90*$AE$10,2)) | AG90: =IF(ISERROR(IF($AF90="","",ROUND(($AF90/$AF$10)*$AG$10,2))),"",IF($AF90="","",ROUND(($AF90/$AF$10)*$AG$10,2))) | AH90: =IF($AG90="","",ROUND($AG90*$AH$10,2)) | AI90: =IF(ISERROR(IF($AF90="","",ROUND(SUM($R90,$AE90,$AH90),2))),"",IF($AF90="","",ROUND(SUM($R90,$AE90,$AH90),2))) | AJ90: =IF(ISERROR(IF($AF90="","",VLOOKUP(AI90,TRANSMUTATION_TABLE,4,TRUE))),"",IF($AF90="","",VLOOKUP(AI90,TRANSMUTATION_TABLE,4,TRUE)))
A91: 29 | B91: ='INPUT DATA'!B91 -> 0 | P91: =IF(COUNT($F91:$O91)=0,"",SUM($F91:$O91)) | Q91: =IF(ISERROR(IF($P91="","",ROUND(($P91/$P$10)*$Q$10,2))),"",IF($P91="","",ROUND(($P91/$P$10)*$Q$10,2))) | R91: =IF($Q91="","",ROUND($Q91*$R$10,2)) | AC91: =IF(COUNT($S91:$AB91)=0,"",SUM($S91:$AB91)) | AD91: =IF(ISERROR(IF($AC91="","",ROUND(($AC91/$AC$10)*$AD$10,2))),"",IF($AC91="","",ROUND(($AC91/$AC$10)*$AD$10,2))) | AE91: =IF($AD91="","",ROUND($AD91*$AE$10,2)) | AG91: =IF(ISERROR(IF($AF91="","",ROUND(($AF91/$AF$10)*$AG$10,2))),"",IF($AF91="","",ROUND(($AF91/$AF$10)*$AG$10,2))) | AH91: =IF($AG91="","",ROUND($AG91*$AH$10,2)) | AI91: =IF(ISERROR(IF($AF91="","",ROUND(SUM($R91,$AE91,$AH91),2))),"",IF($AF91="","",ROUND(SUM($R91,$AE91,$AH91),2))) | AJ91: =IF(ISERROR(IF($AF91="","",VLOOKUP(AI91,TRANSMUTATION_TABLE,4,TRUE))),"",IF($AF91="","",VLOOKUP(AI91,TRANSMUTATION_TABLE,4,TRUE)))
A92: 30 | B92: ='INPUT DATA'!B92 -> 0 | P92: =IF(COUNT($F92:$O92)=0,"",SUM($F92:$O92)) | Q92: =IF(ISERROR(IF($P92="","",ROUND(($P92/$P$10)*$Q$10,2))),"",IF($P92="","",ROUND(($P92/$P$10)*$Q$10,2))) | R92: =IF($Q92="","",ROUND($Q92*$R$10,2)) | AC92: =IF(COUNT($S92:$AB92)=0,"",SUM($S92:$AB92)) | AD92: =IF(ISERROR(IF($AC92="","",ROUND(($AC92/$AC$10)*$AD$10,2))),"",IF($AC92="","",ROUND(($AC92/$AC$10)*$AD$10,2))) | AE92: =IF($AD92="","",ROUND($AD92*$AE$10,2)) | AG92: =IF(ISERROR(IF($AF92="","",ROUND(($AF92/$AF$10)*$AG$10,2))),"",IF($AF92="","",ROUND(($AF92/$AF$10)*$AG$10,2))) | AH92: =IF($AG92="","",ROUND($AG92*$AH$10,2)) | AI92: =IF(ISERROR(IF($AF92="","",ROUND(SUM($R92,$AE92,$AH92),2))),"",IF($AF92="","",ROUND(SUM($R92,$AE92,$AH92),2))) | AJ92: =IF(ISERROR(IF($AF92="","",VLOOKUP(AI92,TRANSMUTATION_TABLE,4,TRUE))),"",IF($AF92="","",VLOOKUP(AI92,TRANSMUTATION_TABLE,4,TRUE)))
A93: 31 | B93: ='INPUT DATA'!B93 -> 0 | P93: =IF(COUNT($F93:$O93)=0,"",SUM($F93:$O93)) | Q93: =IF(ISERROR(IF($P93="","",ROUND(($P93/$P$10)*$Q$10,2))),"",IF($P93="","",ROUND(($P93/$P$10)*$Q$10,2))) | R93: =IF($Q93="","",ROUND($Q93*$R$10,2)) | AC93: =IF(COUNT($S93:$AB93)=0,"",SUM($S93:$AB93)) | AD93: =IF(ISERROR(IF($AC93="","",ROUND(($AC93/$AC$10)*$AD$10,2))),"",IF($AC93="","",ROUND(($AC93/$AC$10)*$AD$10,2))) | AE93: =IF($AD93="","",ROUND($AD93*$AE$10,2)) | AG93: =IF(ISERROR(IF($AF93="","",ROUND(($AF93/$AF$10)*$AG$10,2))),"",IF($AF93="","",ROUND(($AF93/$AF$10)*$AG$10,2))) | AH93: =IF($AG93="","",ROUND($AG93*$AH$10,2)) | AI93: =IF(ISERROR(IF($AF93="","",ROUND(SUM($R93,$AE93,$AH93),2))),"",IF($AF93="","",ROUND(SUM($R93,$AE93,$AH93),2))) | AJ93: =IF(ISERROR(IF($AF93="","",VLOOKUP(AI93,TRANSMUTATION_TABLE,4,TRUE))),"",IF($AF93="","",VLOOKUP(AI93,TRANSMUTATION_TABLE,4,TRUE)))
A94: 32 | B94: ='INPUT DATA'!B94 -> 0 | P94: =IF(COUNT($F94:$O94)=0,"",SUM($F94:$O94)) | Q94: =IF(ISERROR(IF($P94="","",ROUND(($P94/$P$10)*$Q$10,2))),"",IF($P94="","",ROUND(($P94/$P$10)*$Q$10,2))) | R94: =IF($Q94="","",ROUND($Q94*$R$10,2)) | AC94: =IF(COUNT($S94:$AB94)=0,"",SUM($S94:$AB94)) | AD94: =IF(ISERROR(IF($AC94="","",ROUND(($AC94/$AC$10)*$AD$10,2))),"",IF($AC94="","",ROUND(($AC94/$AC$10)*$AD$10,2))) | AE94: =IF($AD94="","",ROUND($AD94*$AE$10,2)) | AG94: =IF(ISERROR(IF($AF94="","",ROUND(($AF94/$AF$10)*$AG$10,2))),"",IF($AF94="","",ROUND(($AF94/$AF$10)*$AG$10,2))) | AH94: =IF($AG94="","",ROUND($AG94*$AH$10,2)) | AI94: =IF(ISERROR(IF($AF94="","",ROUND(SUM($R94,$AE94,$AH94),2))),"",IF($AF94="","",ROUND(SUM($R94,$AE94,$AH94),2))) | AJ94: =IF(ISERROR(IF($AF94="","",VLOOKUP(AI94,TRANSMUTATION_TABLE,4,TRUE))),"",IF($AF94="","",VLOOKUP(AI94,TRANSMUTATION_TABLE,4,TRUE)))
A95: 33 | B95: ='INPUT DATA'!B95 -> 0 | P95: =IF(COUNT($F95:$O95)=0,"",SUM($F95:$O95)) | Q95: =IF(ISERROR(IF($P95="","",ROUND(($P95/$P$10)*$Q$10,2))),"",IF($P95="","",ROUND(($P95/$P$10)*$Q$10,2))) | R95: =IF($Q95="","",ROUND($Q95*$R$10,2)) | AC95: =IF(COUNT($S95:$AB95)=0,"",SUM($S95:$AB95)) | AD95: =IF(ISERROR(IF($AC95="","",ROUND(($AC95/$AC$10)*$AD$10,2))),"",IF($AC95="","",ROUND(($AC95/$AC$10)*$AD$10,2))) | AE95: =IF($AD95="","",ROUND($AD95*$AE$10,2)) | AG95: =IF(ISERROR(IF($AF95="","",ROUND(($AF95/$AF$10)*$AG$10,2))),"",IF($AF95="","",ROUND(($AF95/$AF$10)*$AG$10,2))) | AH95: =IF($AG95="","",ROUND($AG95*$AH$10,2)) | AI95: =IF(ISERROR(IF($AF95="","",ROUND(SUM($R95,$AE95,$AH95),2))),"",IF($AF95="","",ROUND(SUM($R95,$AE95,$AH95),2))) | AJ95: =IF(ISERROR(IF($AF95="","",VLOOKUP(AI95,TRANSMUTATION_TABLE,4,TRUE))),"",IF($AF95="","",VLOOKUP(AI95,TRANSMUTATION_TABLE,4,TRUE)))
A96: 34 | B96: ='INPUT DATA'!B96 -> 0 | P96: =IF(COUNT($F96:$O96)=0,"",SUM($F96:$O96)) | Q96: =IF(ISERROR(IF($P96="","",ROUND(($P96/$P$10)*$Q$10,2))),"",IF($P96="","",ROUND(($P96/$P$10)*$Q$10,2))) | R96: =IF($Q96="","",ROUND($Q96*$R$10,2)) | AC96: =IF(COUNT($S96:$AB96)=0,"",SUM($S96:$AB96)) | AD96: =IF(ISERROR(IF($AC96="","",ROUND(($AC96/$AC$10)*$AD$10,2))),"",IF($AC96="","",ROUND(($AC96/$AC$10)*$AD$10,2))) | AE96: =IF($AD96="","",ROUND($AD96*$AE$10,2)) | AG96: =IF(ISERROR(IF($AF96="","",ROUND(($AF96/$AF$10)*$AG$10,2))),"",IF($AF96="","",ROUND(($AF96/$AF$10)*$AG$10,2))) | AH96: =IF($AG96="","",ROUND($AG96*$AH$10,2)) | AI96: =IF(ISERROR(IF($AF96="","",ROUND(SUM($R96,$AE96,$AH96),2))),"",IF($AF96="","",ROUND(SUM($R96,$AE96,$AH96),2))) | AJ96: =IF(ISERROR(IF($AF96="","",VLOOKUP(AI96,TRANSMUTATION_TABLE,4,TRUE))),"",IF($AF96="","",VLOOKUP(AI96,TRANSMUTATION_TABLE,4,TRUE)))
A97: 35 | B97: ='INPUT DATA'!B97 -> 0 | P97: =IF(COUNT($F97:$O97)=0,"",SUM($F97:$O97)) | Q97: =IF(ISERROR(IF($P97="","",ROUND(($P97/$P$10)*$Q$10,2))),"",IF($P97="","",ROUND(($P97/$P$10)*$Q$10,2))) | R97: =IF($Q97="","",ROUND($Q97*$R$10,2)) | AC97: =IF(COUNT($S97:$AB97)=0,"",SUM($S97:$AB97)) | AD97: =IF(ISERROR(IF($AC97="","",ROUND(($AC97/$AC$10)*$AD$10,2))),"",IF($AC97="","",ROUND(($AC97/$AC$10)*$AD$10,2))) | AE97: =IF($AD97="","",ROUND($AD97*$AE$10,2)) | AG97: =IF(ISERROR(IF($AF97="","",ROUND(($AF97/$AF$10)*$AG$10,2))),"",IF($AF97="","",ROUND(($AF97/$AF$10)*$AG$10,2))) | AH97: =IF($AG97="","",ROUND($AG97*$AH$10,2)) | AI97: =IF(ISERROR(IF($AF97="","",ROUND(SUM($R97,$AE97,$AH97),2))),"",IF($AF97="","",ROUND(SUM($R97,$AE97,$AH97),2))) | AJ97: =IF(ISERROR(IF($AF97="","",VLOOKUP(AI97,TRANSMUTATION_TABLE,4,TRUE))),"",IF($AF97="","",VLOOKUP(AI97,TRANSMUTATION_TABLE,4,TRUE)))
A98: 36 | B98: ='INPUT DATA'!B98 -> 0 | P98: =IF(COUNT($F98:$O98)=0,"",SUM($F98:$O98)) | Q98: =IF(ISERROR(IF($P98="","",ROUND(($P98/$P$10)*$Q$10,2))),"",IF($P98="","",ROUND(($P98/$P$10)*$Q$10,2))) | R98: =IF($Q98="","",ROUND($Q98*$R$10,2)) | AC98: =IF(COUNT($S98:$AB98)=0,"",SUM($S98:$AB98)) | AD98: =IF(ISERROR(IF($AC98="","",ROUND(($AC98/$AC$10)*$AD$10,2))),"",IF($AC98="","",ROUND(($AC98/$AC$10)*$AD$10,2))) | AE98: =IF($AD98="","",ROUND($AD98*$AE$10,2)) | AG98: =IF(ISERROR(IF($AF98="","",ROUND(($AF98/$AF$10)*$AG$10,2))),"",IF($AF98="","",ROUND(($AF98/$AF$10)*$AG$10,2))) | AH98: =IF($AG98="","",ROUND($AG98*$AH$10,2)) | AI98: =IF(ISERROR(IF($AF98="","",ROUND(SUM($R98,$AE98,$AH98),2))),"",IF($AF98="","",ROUND(SUM($R98,$AE98,$AH98),2))) | AJ98: =IF(ISERROR(IF($AF98="","",VLOOKUP(AI98,TRANSMUTATION_TABLE,4,TRUE))),"",IF($AF98="","",VLOOKUP(AI98,TRANSMUTATION_TABLE,4,TRUE)))
A99: 37 | B99: ='INPUT DATA'!B99 -> 0 | P99: =IF(COUNT($F99:$O99)=0,"",SUM($F99:$O99)) | Q99: =IF(ISERROR(IF($P99="","",ROUND(($P99/$P$10)*$Q$10,2))),"",IF($P99="","",ROUND(($P99/$P$10)*$Q$10,2))) | R99: =IF($Q99="","",ROUND($Q99*$R$10,2)) | AC99: =IF(COUNT($S99:$AB99)=0,"",SUM($S99:$AB99)) | AD99: =IF(ISERROR(IF($AC99="","",ROUND(($AC99/$AC$10)*$AD$10,2))),"",IF($AC99="","",ROUND(($AC99/$AC$10)*$AD$10,2))) | AE99: =IF($AD99="","",ROUND($AD99*$AE$10,2)) | AG99: =IF(ISERROR(IF($AF99="","",ROUND(($AF99/$AF$10)*$AG$10,2))),"",IF($AF99="","",ROUND(($AF99/$AF$10)*$AG$10,2))) | AH99: =IF($AG99="","",ROUND($AG99*$AH$10,2)) | AI99: =IF(ISERROR(IF($AF99="","",ROUND(SUM($R99,$AE99,$AH99),2))),"",IF($AF99="","",ROUND(SUM($R99,$AE99,$AH99),2))) | AJ99: =IF(ISERROR(IF($AF99="","",VLOOKUP(AI99,TRANSMUTATION_TABLE,4,TRUE))),"",IF($AF99="","",VLOOKUP(AI99,TRANSMUTATION_TABLE,4,TRUE)))
... A112: 50 | B112: ='INPUT DATA'!B112 -> 0 | P112: =IF(COUNT($F112:$O112)=0,"",SUM($F112:$O112)) | Q112: =IF(ISERROR(IF($P112="","",ROUND(($P112/$P$10)*$Q$10,2))),"",IF($P112="","",ROUND(($P112/$P$10)*$Q$10,2))) | R112: =IF($Q112="","",ROUND($Q112*$R$10,2)) | AC112: =IF(COUNT($S112:$AB112)=0,"",SUM($S112:$AB112)) | AD112: =IF(ISERROR(IF($AC112="","",ROUND(($AC112/$AC$10)*$AD$10,2))),"",IF($AC112="","",ROUND(($AC112/$AC$10)*$AD$10,2))) | AE112: =IF($AD112="","",ROUND($AD112*$AE$10,2)) | AG112: =IF(ISERROR(IF($AF112="","",ROUND(($AF112/$AF$10)*$AG$10,2))),"",IF($AF112="","",ROUND(($AF112/$AF$10)*$AG$10,2))) | AH112: =IF($AG112="","",ROUND($AG112*$AH$10,2)) | AI112: =IF(ISERROR(IF($AF112="","",ROUND(SUM($R112,$AE112,$AH112),2))),"",IF($AF112="","",ROUND(SUM($R112,$AE112,$AH112),2))) | AJ112: =IF(ISERROR(IF($AF112="","",VLOOKUP(AI112,TRANSMUTATION_TABLE,4,TRUE))),"",IF($AF112="","",VLOOKUP(AI112,TRANSMUTATION_TABLE,4,TRUE)))

Sheet EsP_Q3
A1: Official E-Class Record in K to 12 Curriculum
C4: REGION | G4: ='INPUT DATA'!G4 -> III | L4: DIVISION | O4: ='INPUT DATA'!O4 -> CITY OF SAN FDO. | T4: DISTRICT | X4: ='INPUT DATA'!X4 -> NORTH
B5: SCHOOL NAME | G5: ='INPUT DATA'!G5 -> TELABASTAGAN INTEGRATED SCHOOL | T5: SCHOOL ID | X5: ='INPUT DATA'!X5 -> 500144 | AD5: SCHOOL YEAR | AG5: ='INPUT DATA'!AG5 -> 2025-2026
A7: THIRD QUARTER | F7: GRADE & SECTION: | K7: ='INPUT DATA'!K7 -> V-MAGSAYSAY | Q7: TEACHER: | S7: ='INPUT DATA'!S7 -> ADELIA M. MANARANG | AC7: SUBJECT: | AG7: ='INPUT DATA'!AG7 -> EDUKASYON SA PAGPAPAKATAO
B8: LEARNERS' NAMES | F8: WRITTEN WORKS (30%) | S8: PERFORMANCE TASKS (50%) | AF8: QUARTERLY ASSESSMENT (20%) | AI8: Initial | AJ8: Quarterly
F9: 1 | G9: 2 | H9: 3 | I9: 4 | J9: 5 | K9: 6 | L9: 7 | M9: 8 | N9: 9 | O9: 10 | P9: Total | Q9: PS | R9: WS | S9: 1 | T9: 2 | U9: 3 | V9: 4 | W9: 5 | X9: 6 | Y9: 7 | Z9: 8 | AA9: 9 | AB9: 10 | AC9: Total | AD9: PS | AE9: WS | AF9: 1 | AG9: PS | AH9: WS | AI9: Grade | AJ9: Grade
B10: HIGHEST POSSIBLE SCORE | F10: 20 | G10: 10 | H10: 10 | I10: 15 | J10: 15 | K10: 10 | P10: =IF(COUNT($F10:$O10)=0,"",SUM($F10:$O10)) -> 80 | Q10: 100 | R10: 0.3 | S10: 10 | T10: 10 | U10: 20 | V10: 10 | W10: 10 | X10: 10 | AC10: =IF(COUNT($S10:$AB10)=0,"",SUM($S10:$AB10)) -> 70 | AD10: 100 | AE10: 0.5 | AF10: 50 | AG10: 100 | AH10: 0.2
B11: MALE
A12: 1 | B12: ='INPUT DATA'!B12 -> Abawag, Jasmin | G12: 10 | H12: 10 | I12: 13 | P12: =IF(COUNT($F12:$O12)=0,"",SUM($F12:$O12)) -> 33 | Q12: =IF(ISERROR(IF($P12="","",ROUND(($P12/$P$10)*$Q$10,2))),"",IF($P12="","",ROUND(($P12/$P$10)*$Q$10,2))) -> 41.25 | R12: =IF($Q12="","",ROUND($Q12*$R$10,2)) -> 12.38 | U12: 19 | V12: 10 | AC12: =IF(COUNT($S12:$AB12)=0,"",SUM($S12:$AB12)) -> 29 | AD12: =IF(ISERROR(IF($AC12="","",ROUND(($AC12/$AC$10)*$AD$10,2))),"",IF($AC12="","",ROUND(($AC12/$AC$10)*$AD$10,2))) -> 41.43 | AE12: =IF($AD12="","",ROUND($AD12*$AE$10,2)) -> 20.72 | AG12: =IF(ISERROR(IF($AF12="","",ROUND(($AF12/$AF$10)*$AG$10,2))),"",IF($AF12="","",ROUND(($AF12/$AF$10)*$AG$10,2))) | AH12: =IF($AG12="","",ROUND($AG12*$AH$10,2)) | AI12: =IF(ISERROR(IF($AF12="","",ROUND(SUM($R12,$AE12,$AH12),2))),"",IF($AF12="","",ROUND(SUM($R12,$AE12,$AH12),2))) | AJ12: =IF(ISERROR(IF($AF12="","",VLOOKUP(AI12,TRANSMUTATION_TABLE,4,TRUE))),"",IF($AF12="","",VLOOKUP(AI12,TRANSMUTATION_TABLE,4,TRUE)))
A13: 2 | B13: ='INPUT DATA'!B13 -> Baluyot Frias Jan Xevier | G13: 10 | H13: 8 | I13: 11 | P13: =IF(COUNT($F13:$O13)=0,"",SUM($F13:$O13)) -> 29 | Q13: =IF(ISERROR(IF($P13="","",ROUND(($P13/$P$10)*$Q$10,2))),"",IF($P13="","",ROUND(($P13/$P$10)*$Q$10,2))) -> 36.25 | R13: =IF($Q13="","",ROUND($Q13*$R$10,2)) -> 10.88 | U13: 19 | V13: 10 | AC13: =IF(COUNT($S13:$AB13)=0,"",SUM($S13:$AB13)) -> 29 | AD13: =IF(ISERROR(IF($AC13="","",ROUND(($AC13/$AC$10)*$AD$10,2))),"",IF($AC13="","",ROUND(($AC13/$AC$10)*$AD$10,2))) -> 41.43 | AE13: =IF($AD13="","",ROUND($AD13*$AE$10,2)) -> 20.72 | AG13: =IF(ISERROR(IF($AF13="","",ROUND(($AF13/$AF$10)*$AG$10,2))),"",IF($AF13="","",ROUND(($AF13/$AF$10)*$AG$10,2))) | AH13: =IF($AG13="","",ROUND($AG13*$AH$10,2)) | AI13: =IF(ISERROR(IF($AF13="","",ROUND(SUM($R13,$AE13,$AH13),2))),"",IF($AF13="","",ROUND(SUM($R13,$AE13,$AH13),2))) | AJ13: =IF(ISERROR(IF($AF13="","",VLOOKUP(AI13,TRANSMUTATION_TABLE,4,TRUE))),"",IF($AF13="","",VLOOKUP(AI13,TRANSMUTATION_TABLE,4,TRUE)))
A14: 3 | B14: ='INPUT DATA'!B14 -> Batislaon,Aeron Carreon | G14: 8 | I14: 14 | P14: =IF(COUNT($F14:$O14)=0,"",SUM($F14:$O14)) -> 22 | Q14: =IF(ISERROR(IF($P14="","",ROUND(($P14/$P$10)*$Q$10,2))),"",IF($P14="","",ROUND(($P14/$P$10)*$Q$10,2))) -> 27.5 | R14: =IF($Q14="","",ROUND($Q14*$R$10,2)) -> 8.25 | U14: 19 | V14: 10 | AC14: =IF(COUNT($S14:$AB14)=0,"",SUM($S14:$AB14)) -> 29 | AD14: =IF(ISERROR(IF($AC14="","",ROUND(($AC14/$AC$10)*$AD$10,2))),"",IF($AC14="","",ROUND(($AC14/$AC$10)*$AD$10,2))) -> 41.43 | AE14: =IF($AD14="","",ROUND($AD14*$AE$10,2)) -> 20.72 | AG14: =IF(ISERROR(IF($AF14="","",ROUND(($AF14/$AF$10)*$AG$10,2))),"",IF($AF14="","",ROUND(($AF14/$AF$10)*$AG$10,2))) | AH14: =IF($AG14="","",ROUND($AG14*$AH$10,2)) | AI14: =IF(ISERROR(IF($AF14="","",ROUND(SUM($R14,$AE14,$AH14),2))),"",IF($AF14="","",ROUND(SUM($R14,$AE14,$AH14),2))) | AJ14: =IF(ISERROR(IF($AF14="","",VLOOKUP(AI14,TRANSMUTATION_TABLE,4,TRUE))),"",IF($AF14="","",VLOOKUP(AI14,TRANSMUTATION_TABLE,4,TRUE)))
A15: 4 | B15: ='INPUT DATA'!B15 -> Bernardo Kurt Michael Riosa | G15: 6 | H15: 6 | I15: 10 | P15: =IF(COUNT($F15:$O15)=0,"",SUM($F15:$O15)) -> 22 | Q15: =IF(ISERROR(IF($P15="","",ROUND(($P15/$P$10)*$Q$10,2))),"",IF($P15="","",ROUND(($P15/$P$10)*$Q$10,2))) -> 27.5 | R15: =IF($Q15="","",ROUND($Q15*$R$10,2)) -> 8.25 | U15: 5 | AC15: =IF(COUNT($S15:$AB15)=0,"",SUM($S15:$AB15)) -> 5 | AD15: =IF(ISERROR(IF($AC15="","",ROUND(($AC15/$AC$10)*$AD$10,2))),"",IF($AC15="","",ROUND(($AC15/$AC$10)*$AD$10,2))) -> 7.14 | AE15: =IF($AD15="","",ROUND($AD15*$AE$10,2)) -> 3.57 | AG15: =IF(ISERROR(IF($AF15="","",ROUND(($AF15/$AF$10)*$AG$10,2))),"",IF($AF15="","",ROUND(($AF15/$AF$10)*$AG$10,2))) | AH15: =IF($AG15="","",ROUND($AG15*$AH$10,2)) | AI15: =IF(ISERROR(IF($AF15="","",ROUND(SUM($R15,$AE15,$AH15),2))),"",IF($AF15="","",ROUND(SUM($R15,$AE15,$AH15),2))) | AJ15: =IF(ISERROR(IF($AF15="","",VLOOKUP(AI15,TRANSMUTATION_TABLE,4,TRUE))),"",IF($AF15="","",VLOOKUP(AI15,TRANSMUTATION_TABLE,4,TRUE)))
A16: 5 | B16: ='INPUT DATA'!B16 -> Buan, Cyrus Arvee Giongco | G16: 7 | I16: 10 | P16: =IF(COUNT($F16:$O16)=0,"",SUM($F16:$O16)) -> 17 | Q16: =IF(ISERROR(IF($P16="","",ROUND(($P16/$P$10)*$Q$10,2))),"",IF($P16="","",ROUND(($P16/$P$10)*$Q$10,2))) -> 21.25 | R16: =IF($Q16="","",ROUND($Q16*$R$10,2)) -> 6.38 | U16: 9 | V16: 8 | AC16: =IF(COUNT($S16:$AB16)=0,"",SUM($S16:$AB16)) -> 17 | AD16: =IF(ISERROR(IF($AC16="","",ROUND(($AC16/$AC$10)*$AD$10,2))),"",IF($AC16="","",ROUND(($AC16/$AC$10)*$AD$10,2))) -> 24.29 | AE16: =IF($AD16="","",ROUND($AD16*$AE$10,2)) -> 12.15 | AG16: =IF(ISERROR(IF($AF16="","",ROUND(($AF16/$AF$10)*$AG$10,2))),"",IF($AF16="","",ROUND(($AF16/$AF$10)*$AG$10,2))) | AH16: =IF($AG16="","",ROUND($AG16*$AH$10,2)) | AI16: =IF(ISERROR(IF($AF16="","",ROUND(SUM($R16,$AE16,$AH16),2))),"",IF($AF16="","",ROUND(SUM($R16,$AE16,$AH16),2))) | AJ16: =IF(ISERROR(IF($AF16="","",VLOOKUP(AI16,TRANSMUTATION_TABLE,4,TRUE))),"",IF($AF16="","",VLOOKUP(AI16,TRANSMUTATION_TABLE,4,TRUE)))
A17: 6 | B17: ='INPUT DATA'!B17 -> Cunanan, Prince Carl | G17: 6 | H17: 6 | I17: 15 | P17: =IF(COUNT($F17:$O17)=0,"",SUM($F17:$O17)) -> 27 | Q17: =IF(ISERROR(IF($P17="","",ROUND(($P17/$P$10)*$Q$10,2))),"",IF($P17="","",ROUND(($P17/$P$10)*$Q$10,2))) -> 33.75 | R17: =IF($Q17="","",ROUND($Q17*$R$10,2)) -> 10.13 | U17: 5 | AC17: =IF(COUNT($S17:$AB17)=0,"",SUM($S17:$AB17)) -> 5 | AD17: =IF(ISERROR(IF($AC17="","",ROUND(($AC17/$AC$10)*$AD$10,2))),"",IF($AC17="","",ROUND(($AC17/$AC$10)*$AD$10,2))) -> 7.14 | AE17: =IF($AD17="","",ROUND($AD17*$AE$10,2)) -> 3.57 | AG17: =IF(ISERROR(IF($AF17="","",ROUND(($AF17/$AF$10)*$AG$10,2))),"",IF($AF17="","",ROUND(($AF17/$AF$10)*$AG$10,2))) | AH17: =IF($AG17="","",ROUND($AG17*$AH$10,2)) | AI17: =IF(ISERROR(IF($AF17="","",ROUND(SUM($R17,$AE17,$AH17),2))),"",IF($AF17="","",ROUND(SUM($R17,$AE17,$AH17),2))) | AJ17: =IF(ISERROR(IF($AF17="","",VLOOKUP(AI17,TRANSMUTATION_TABLE,4,TRUE))),"",IF($AF17="","",VLOOKUP(AI17,TRANSMUTATION_TABLE,4,TRUE)))
A18: 7 | B18: ='INPUT DATA'!B18 -> Goingco, Drake Calvin Bautista | G18: 10 | H18: 10 | I18: 14 | P18: =IF(COUNT($F18:$O18)=0,"",SUM($F18:$O18)) -> 34 | Q18: =IF(ISERROR(IF($P18="","",ROUND(($P18/$P$10)*$Q$10,2))),"",IF($P18="","",ROUND(($P18/$P$10)*$Q$10,2))) -> 42.5 | R18: =IF($Q18="","",ROUND($Q18*$R$10,2)) -> 12.75 | U18: 19 | V18: 6 | AC18: =IF(COUNT($S18:$AB18)=0,"",SUM($S18:$AB18)) -> 25 | AD18: =IF(ISERROR(IF($AC18="","",ROUND(($AC18/$AC$10)*$AD$10,2))),"",IF($AC18="","",ROUND(($AC18/$AC$10)*$AD$10,2))) -> 35.71 | AE18: =IF($AD18="","",ROUND($AD18*$AE$10,2)) -> 17.86 | AG18: =IF(ISERROR(IF($AF18="","",ROUND(($AF18/$AF$10)*$AG$10,2))),"",IF($AF18="","",ROUND(($AF18/$AF$10)*$AG$10,2))) | AH18: =IF($AG18="","",ROUND($AG18*$AH$10,2)) | AI18: =IF(ISERROR(IF($AF18="","",ROUND(SUM($R18,$AE18,$AH18),2))),"",IF($AF18="","",ROUND(SUM($R18,$AE18,$AH18),2))) | AJ18: =IF(ISERROR(IF($AF18="","",VLOOKUP(AI18,TRANSMUTATION_TABLE,4,TRUE))),"",IF($AF18="","",VLOOKUP(AI18,TRANSMUTATION_TABLE,4,TRUE)))
A19: 8 | B19: ='INPUT DATA'!B19 -> Infante, James Mendez | D19: 0 | G19: 2 | H19: 2 | I19: 12 | P19: =IF(COUNT($F19:$O19)=0,"",SUM($F19:$O19)) -> 16 | Q19: =IF(ISERROR(IF($P19="","",ROUND(($P19/$P$10)*$Q$10,2))),"",IF($P19="","",ROUND(($P19/$P$10)*$Q$10,2))) -> 20 | R19: =IF($Q19="","",ROUND($Q19*$R$10,2)) -> 6 | U19: 5 | AC19: =IF(COUNT($S19:$AB19)=0,"",SUM($S19:$AB19)) -> 5 | AD19: =IF(ISERROR(IF($AC19="","",ROUND(($AC19/$AC$10)*$AD$10,2))),"",IF($AC19="","",ROUND(($AC19/$AC$10)*$AD$10,2))) -> 7.14 | AE19: =IF($AD19="","",ROUND($AD19*$AE$10,2)) -> 3.57 | AG19: =IF(ISERROR(IF($AF19="","",ROUND(($AF19/$AF$10)*$AG$10,2))),"",IF($AF19="","",ROUND(($AF19/$AF$10)*$AG$10,2))) | AH19: =IF($AG19="","",ROUND($AG19*$AH$10,2)) | AI19: =IF(ISERROR(IF($AF19="","",ROUND(SUM($R19,$AE19,$AH19),2))),"",IF($AF19="","",ROUND(SUM($R19,$AE19,$AH19),2))) | AJ19: =IF(ISERROR(IF($AF19="","",VLOOKUP(AI19,TRANSMUTATION_TABLE,4,TRUE))),"",IF($AF19="","",VLOOKUP(AI19,TRANSMUTATION_TABLE,4,TRUE)))
A20: 9 | B20: ='INPUT DATA'!B20 -> Lacson John Red Hernandez | G20: 9 | H20: 7 | I20: 10 | P20: =IF(COUNT($F20:$O20)=0,"",SUM($F20:$O20)) -> 26 | Q20: =IF(ISERROR(IF($P20="","",ROUND(($P20/$P$10)*$Q$10,2))),"",IF($P20="","",ROUND(($P20/$P$10)*$Q$10,2))) -> 32.5 | R20: =IF($Q20="","",ROUND($Q20*$R$10,2)) -> 9.75 | U20: 20 | V20: 8 | AC20: =IF(COUNT($S20:$AB20)=0,"",SUM($S20:$AB20)) -> 28 | AD20: =IF(ISERROR(IF($AC20="","",ROUND(($AC20/$AC$10)*$AD$10,2))),"",IF($AC20="","",ROUND(($AC20/$AC$10)*$AD$10,2))) -> 40 | AE20: =IF($AD20="","",ROUND($AD20*$AE$10,2)) -> 20 | AG20: =IF(ISERROR(IF($AF20="","",ROUND(($AF20/$AF$10)*$AG$10,2))),"",IF($AF20="","",ROUND(($AF20/$AF$10)*$AG$10,2))) | AH20: =IF($AG20="","",ROUND($AG20*$AH$10,2)) | AI20: =IF(ISERROR(IF($AF20="","",ROUND(SUM($R20,$AE20,$AH20),2))),"",IF($AF20="","",ROUND(SUM($R20,$AE20,$AH20),2))) | AJ20: =IF(ISERROR(IF($AF20="","",VLOOKUP(AI20,TRANSMUTATION_TABLE,4,TRUE))),"",IF($AF20="","",VLOOKUP(AI20,TRANSMUTATION_TABLE,4,TRUE)))
A21: 10 | B21: ='INPUT DATA'!B21 -> Limin,Jaslan Mangalindan | G21: 3 | I21: 14 | P21: =IF(COUNT($F21:$O21)=0,"",SUM($F21:$O21)) -> 17 | Q21: =IF(ISERROR(IF($P21="","",ROUND(($P21/$P$10)*$Q$10,2))),"",IF($P21="","",ROUND(($P21/$P$10)*$Q$10,2))) -> 21.25 | R21: =IF($Q21="","",ROUND($Q21*$R$10,2)) -> 6.38 | U21: 5 | AC21: =IF(COUNT($S21:$AB21)=0,"",SUM($S21:$AB21)) -> 5 | AD21: =IF(ISERROR(IF($AC21="","",ROUND(($AC21/$AC$10)*$AD$10,2))),"",IF($AC21="","",ROUND(($AC21/$AC$10)*$AD$10,2))) -> 7.14 | AE21: =IF($AD21="","",ROUND($AD21*$AE$10,2)) -> 3.57 | AG21: =IF(ISERROR(IF($AF21="","",ROUND(($AF21/$AF$10)*$AG$10,2))),"",IF($AF21="","",ROUND(($AF21/$AF$10)*$AG$10,2))) | AH21: =IF($AG21="","",ROUND($AG21*$AH$10,2)) | AI21: =IF(ISERROR(IF($AF21="","",ROUND(SUM($R21,$AE21,$AH21),2))),"",IF($AF21="","",ROUND(SUM($R21,$AE21,$AH21),2))) | AJ21: =IF(ISERROR(IF($AF21="","",VLOOKUP(AI21,TRANSMUTATION_TABLE,4,TRUE))),"",IF($AF21="","",VLOOKUP(AI21,TRANSMUTATION_TABLE,4,TRUE)))
A22: 11 | B22: ='INPUT DATA'!B22 -> Lusung, Yuan Lein Rodriguez | D22: 0 | G22: 10 | H22: 10 | I22: 14 | P22: =IF(COUNT($F22:$O22)=0,"",SUM($F22:$O22)) -> 34 | Q22: =IF(ISERROR(IF($P22="","",ROUND(($P22/$P$10)*$Q$10,2))),"",IF($P22="","",ROUND(($P22/$P$10)*$Q$10,2))) -> 42.5 | R22: =IF($Q22="","",ROUND($Q22*$R$10,2)) -> 12.75 | U22: 19 | V22: 9 | AC22: =IF(COUNT($S22:$AB22)=0,"",SUM($S22:$AB22)) -> 28 | AD22: =IF(ISERROR(IF($AC22="","",ROUND(($AC22/$AC$10)*$AD$10,2))),"",IF($AC22="","",ROUND(($AC22/$AC$10)*$AD$10,2))) -> 40 | AE22: =IF($AD22="","",ROUND($AD22*$AE$10,2)) -> 20 | AG22: =IF(ISERROR(IF($AF22="","",ROUND(($AF22/$AF$10)*$AG$10,2))),"",IF($AF22="","",ROUND(($AF22/$AF$10)*$AG$10,2))) | AH22: =IF($AG22="","",ROUND($AG22*$AH$10,2)) | AI22: =IF(ISERROR(IF($AF22="","",ROUND(SUM($R22,$AE22,$AH22),2))),"",IF($AF22="","",ROUND(SUM($R22,$AE22,$AH22),2))) | AJ22: =IF(ISERROR(IF($AF22="","",VLOOKUP(AI22,TRANSMUTATION_TABLE,4,TRUE))),"",IF($AF22="","",VLOOKUP(AI22,TRANSMUTATION_TABLE,4,TRUE)))
A23: 12 | B23: ='INPUT DATA'!B23 -> Macaspac, Matteo Dho Arcilla | G23: 10 | H23: 7 | I23: 14 | P23: =IF(COUNT($F23:$O23)=0,"",SUM($F23:$O23)) -> 31 | Q23: =IF(ISERROR(IF($P23="","",ROUND(($P23/$P$10)*$Q$10,2))),"",IF($P23="","",ROUND(($P23/$P$10)*$Q$10,2))) -> 38.75 | R23: =IF($Q23="","",ROUND($Q23*$R$10,2)) -> 11.63 | U23: 19 | V23: 8 | AC23: =IF(COUNT($S23:$AB23)=0,"",SUM($S23:$AB23)) -> 27 | AD23: =IF(ISERROR(IF($AC23="","",ROUND(($AC23/$AC$10)*$AD$10,2))),"",IF($AC23="","",ROUND(($AC23/$AC$10)*$AD$10,2))) -> 38.57 | AE23: =IF($AD23="","",ROUND($AD23*$AE$10,2)) -> 19.29 | AG23: =IF(ISERROR(IF($AF23="","",ROUND(($AF23/$AF$10)*$AG$10,2))),"",IF($AF23="","",ROUND(($AF23/$AF$10)*$AG$10,2))) | AH23: =IF($AG23="","",ROUND($AG23*$AH$10,2)) | AI23: =IF(ISERROR(IF($AF23="","",ROUND(SUM($R23,$AE23,$AH23),2))),"",IF($AF23="","",ROUND(SUM($R23,$AE23,$AH23),2))) | AJ23: =IF(ISERROR(IF($AF23="","",VLOOKUP(AI23,TRANSMUTATION_TABLE,4,TRUE))),"",IF($AF23="","",VLOOKUP(AI23,TRANSMUTATION_TABLE,4,TRUE)))
A24: 13 | B24: ='INPUT DATA'!B24 -> Miranda, Franz | G24: 10 | H24: 10 | I24: 5 | P24: =IF(COUNT($F24:$O24)=0,"",SUM($F24:$O24)) -> 25 | Q24: =IF(ISERROR(IF($P24="","",ROUND(($P24/$P$10)*$Q$10,2))),"",IF($P24="","",ROUND(($P24/$P$10)*$Q$10,2))) -> 31.25 | R24: =IF($Q24="","",ROUND($Q24*$R$10,2)) -> 9.38 | U24: 20 | V24: 8 | AC24: =IF(COUNT($S24:$AB24)=0,"",SUM($S24:$AB24)) -> 28 | AD24: =IF(ISERROR(IF($AC24="","",ROUND(($AC24/$AC$10)*$AD$10,2))),"",IF($AC24="","",ROUND(($AC24/$AC$10)*$AD$10,2))) -> 40 | AE24: =IF($AD24="","",ROUND($AD24*$AE$10,2)) -> 20 | AG24: =IF(ISERROR(IF($AF24="","",ROUND(($AF24/$AF$10)*$AG$10,2))),"",IF($AF24="","",ROUND(($AF24/$AF$10)*$AG$10,2))) | AH24: =IF($AG24="","",ROUND($AG24*$AH$10,2)) | AI24: =IF(ISERROR(IF($AF24="","",ROUND(SUM($R24,$AE24,$AH24),2))),"",IF($AF24="","",ROUND(SUM($R24,$AE24,$AH24),2))) | AJ24: =IF(ISERROR(IF($AF24="","",VLOOKUP(AI24,TRANSMUTATION_TABLE,4,TRUE))),"",IF($AF24="","",VLOOKUP(AI24,TRANSMUTATION_TABLE,4,TRUE)))
A25: 14 | B25: ='INPUT DATA'!B25 -> Nayanggazohann,Cedy | G25: 10 | H25: 6 | I25: 14 | P25: =IF(COUNT($F25:$O25)=0,"",SUM($F25:$O25)) -> 30 | Q25: =IF(ISERROR(IF($P25="","",ROUND(($P25/$P$10)*$Q$10,2))),"",IF($P25="","",ROUND(($P25/$P$10)*$Q$10,2))) -> 37.5 | R25: =IF($Q25="","",ROUND($Q25*$R$10,2)) -> 11.25 | U25: 20 | V25: 8 | AC25: =IF(COUNT($S25:$AB25)=0,"",SUM($S25:$AB25)) -> 28 | AD25: =IF(ISERROR(IF($AC25="","",ROUND(($AC25/$AC$10)*$AD$10,2))),"",IF($AC25="","",ROUND(($AC25/$AC$10)*$AD$10,2))) -> 40 | AE25: =IF($AD25="","",ROUND($AD25*$AE$10,2)) -> 20 | AG25: =IF(ISERROR(IF($AF25="","",ROUND(($AF25/$AF$10)*$AG$10,2))),"",IF($AF25="","",ROUND(($AF25/$AF$10)*$AG$10,2))) | AH25: =IF($AG25="","",ROUND($AG25*$AH$10,2)) | AI25: =IF(ISERROR(IF($AF25="","",ROUND(SUM($R25,$AE25,$AH25),2))),"",IF($AF25="","",ROUND(SUM($R25,$AE25,$AH25),2))) | AJ25: =IF(ISERROR(IF($AF25="","",VLOOKUP(AI25,TRANSMUTATION_TABLE,4,TRUE))),"",IF($AF25="","",VLOOKUP(AI25,TRANSMUTATION_TABLE,4,TRUE)))
A26: 15 | B26: ='INPUT DATA'!B26 -> Quiambao, Harvin Miranda | G26: 10 | H26: 10 | I26: 15 | P26: =IF(COUNT($F26:$O26)=0,"",SUM($F26:$O26)) -> 35 | Q26: =IF(ISERROR(IF($P26="","",ROUND(($P26/$P$10)*$Q$10,2))),"",IF($P26="","",ROUND(($P26/$P$10)*$Q$10,2))) -> 43.75 | R26: =IF($Q26="","",ROUND($Q26*$R$10,2)) -> 13.13 | U26: 19 | V26: 10 | AC26: =IF(COUNT($S26:$AB26)=0,"",SUM($S26:$AB26)) -> 29 | AD26: =IF(ISERROR(IF($AC26="","",ROUND(($AC26/$AC$10)*$AD$10,2))),"",IF($AC26="","",ROUND(($AC26/$AC$10)*$AD$10,2))) -> 41.43 | AE26: =IF($AD26="","",ROUND($AD26*$AE$10,2)) -> 20.72 | AG26: =IF(ISERROR(IF($AF26="","",ROUND(($AF26/$AF$10)*$AG$10,2))),"",IF($AF26="","",ROUND(($AF26/$AF$10)*$AG$10,2))) | AH26: =IF($AG26="","",ROUND($AG26*$AH$10,2)) | AI26: =IF(ISERROR(IF($AF26="","",ROUND(SUM($R26,$AE26,$AH26),2))),"",IF($AF26="","",ROUND(SUM($R26,$AE26,$AH26),2))) | AJ26: =IF(ISERROR(IF($AF26="","",VLOOKUP(AI26,TRANSMUTATION_TABLE,4,TRUE))),"",IF($AF26="","",VLOOKUP(AI26,TRANSMUTATION_TABLE,4,TRUE)))
A27: 16 | B27: ='INPUT DATA'!B27 -> Reyes Mhon Vincent Corpuz | G27: 10 | H27: 9 | I27: 12 | P27: =IF(COUNT($F27:$O27)=0,"",SUM($F27:$O27)) -> 31 | Q27: =IF(ISERROR(IF($P27="","",ROUND(($P27/$P$10)*$Q$10,2))),"",IF($P27="","",ROUND(($P27/$P$10)*$Q$10,2))) -> 38.75 | R27: =IF($Q27="","",ROUND($Q27*$R$10,2)) -> 11.63 | U27: 20 | V27: 10 | AC27: =IF(COUNT($S27:$AB27)=0,"",SUM($S27:$AB27)) -> 30 | AD27: =IF(ISERROR(IF($AC27="","",ROUND(($AC27/$AC$10)*$AD$10,2))),"",IF($AC27="","",ROUND(($AC27/$AC$10)*$AD$10,2))) -> 42.86 | AE27: =IF($AD27="","",ROUND($AD27*$AE$10,2)) -> 21.43 | AG27: =IF(ISERROR(IF($AF27="","",ROUND(($AF27/$AF$10)*$AG$10,2))),"",IF($AF27="","",ROUND(($AF27/$AF$10)*$AG$10,2))) | AH27: =IF($AG27="","",ROUND($AG27*$AH$10,2)) | AI27: =IF(ISERROR(IF($AF27="","",ROUND(SUM($R27,$AE27,$AH27),2))),"",IF($AF27="","",ROUND(SUM($R27,$AE27,$AH27),2))) | AJ27: =IF(ISERROR(IF($AF27="","",VLOOKUP(AI27,TRANSMUTATION_TABLE,4,TRUE))),"",IF($AF27="","",VLOOKUP(AI27,TRANSMUTATION_TABLE,4,TRUE)))
A28: 17 | B28: ='INPUT DATA'!B28 -> Meneje, Gelo S. | G28: 6 | H28: 2 | I28: 15 | P28: =IF(COUNT($F28:$O28)=0,"",SUM($F28:$O28)) -> 23 | Q28: =IF(ISERROR(IF($P28="","",ROUND(($P28/$P$10)*$Q$10,2))),"",IF($P28="","",ROUND(($P28/$P$10)*$Q$10,2))) -> 28.75 | R28: =IF($Q28="","",ROUND($Q28*$R$10,2)) -> 8.63 | U28: 9 | V28: 9 | AC28: =IF(COUNT($S28:$AB28)=0,"",SUM($S28:$AB28)) -> 18 | AD28: =IF(ISERROR(IF($AC28="","",ROUND(($AC28/$AC$10)*$AD$10,2))),"",IF($AC28="","",ROUND(($AC28/$AC$10)*$AD$10,2))) -> 25.71 | AE28: =IF($AD28="","",ROUND($AD28*$AE$10,2)) -> 12.86 | AG28: =IF(ISERROR(IF($AF28="","",ROUND(($AF28/$AF$10)*$AG$10,2))),"",IF($AF28="","",ROUND(($AF28/$AF$10)*$AG$10,2))) | AH28: =IF($AG28="","",ROUND($AG28*$AH$10,2)) | AI28: =IF(ISERROR(IF($AF28="","",ROUND(SUM($R28,$AE28,$AH28),2))),"",IF($AF28="","",ROUND(SUM($R28,$AE28,$AH28),2))) | AJ28: =IF(ISERROR(IF($AF28="","",VLOOKUP(AI28,TRANSMUTATION_TABLE,4,TRUE))),"",IF($AF28="","",VLOOKUP(AI28,TRANSMUTATION_TABLE,4,TRUE)))
A29: 18 | B29: ='INPUT DATA'!B29 -> Serrano, Aaron Kiel Dabu | G29: 10 | H29: 10 | I29: 14 | P29: =IF(COUNT($F29:$O29)=0,"",SUM($F29:$O29)) -> 34 | Q29: =IF(ISERROR(IF($P29="","",ROUND(($P29/$P$10)*$Q$10,2))),"",IF($P29="","",ROUND(($P29/$P$10)*$Q$10,2))) -> 42.5 | R29: =IF($Q29="","",ROUND($Q29*$R$10,2)) -> 12.75 | U29: 18 | V29: 10 | AC29: =IF(COUNT($S29:$AB29)=0,"",SUM($S29:$AB29)) -> 28 | AD29: =IF(ISERROR(IF($AC29="","",ROUND(($AC29/$AC$10)*$AD$10,2))),"",IF($AC29="","",ROUND(($AC29/$AC$10)*$AD$10,2))) -> 40 | AE29: =IF($AD29="","",ROUND($AD29*$AE$10,2)) -> 20 | AG29: =IF(ISERROR(IF($AF29="","",ROUND(($AF29/$AF$10)*$AG$10,2))),"",IF($AF29="","",ROUND(($AF29/$AF$10)*$AG$10,2))) | AH29: =IF($AG29="","",ROUND($AG29*$AH$10,2)) | AI29: =IF(ISERROR(IF($AF29="","",ROUND(SUM($R29,$AE29,$AH29),2))),"",IF($AF29="","",ROUND(SUM($R29,$AE29,$AH29),2))) | AJ29: =IF(ISERROR(IF($AF29="","",VLOOKUP(AI29,TRANSMUTATION_TABLE,4,TRUE))),"",IF($AF29="","",VLOOKUP(AI29,TRANSMUTATION_TABLE,4,TRUE)))
A30: 19 | B30: ='INPUT DATA'!B30 -> Villamayon, Jasper Supang | G30: 2 | H30: 7 | P30: =IF(COUNT($F30:$O30)=0,"",SUM($F30:$O30)) -> 9 | Q30: =IF(ISERROR(IF($P30="","",ROUND(($P30/$P$10)*$Q$10,2))),"",IF($P30="","",ROUND(($P30/$P$10)*$Q$10,2))) -> 11.25 | R30: =IF($Q30="","",ROUND($Q30*$R$10,2)) -> 3.38 | AC30: =IF(COUNT($S30:$AB30)=0,"",SUM($S30:$AB30)) | AD30: =IF(ISERROR(IF($AC30="","",ROUND(($AC30/$AC$10)*$AD$10,2))),"",IF($AC30="","",ROUND(($AC30/$AC$10)*$AD$10,2))) | AE30: =IF($AD30="","",ROUND($AD30*$AE$10,2)) | AG30: =IF(ISERROR(IF($AF30="","",ROUND(($AF30/$AF$10)*$AG$10,2))),"",IF($AF30="","",ROUND(($AF30/$AF$10)*$AG$10,2))) | AH30: =IF($AG30="","",ROUND($AG30*$AH$10,2)) | AI30: =IF(ISERROR(IF($AF30="","",ROUND(SUM($R30,$AE30,$AH30),2))),"",IF($AF30="","",ROUND(SUM($R30,$AE30,$AH30),2))) | AJ30: =IF(ISERROR(IF($AF30="","",VLOOKUP(AI30,TRANSMUTATION_TABLE,4,TRUE))),"",IF($AF30="","",VLOOKUP(AI30,TRANSMUTATION_TABLE,4,TRUE)))
A31: 20 | B31: ='INPUT DATA'!B31 -> Vistar, C-Jay Gomaga | G31: 3 | I31: 14 | P31: =IF(COUNT($F31:$O31)=0,"",SUM($F31:$O31)) -> 17 | Q31: =IF(ISERROR(IF($P31="","",ROUND(($P31/$P$10)*$Q$10,2))),"",IF($P31="","",ROUND(($P31/$P$10)*$Q$10,2))) -> 21.25 | R31: =IF($Q31="","",ROUND($Q31*$R$10,2)) -> 6.38 | U31: 20 | V31: 10 | AC31: =IF(COUNT($S31:$AB31)=0,"",SUM($S31:$AB31)) -> 30 | AD31: =IF(ISERROR(IF($AC31="","",ROUND(($AC31/$AC$10)*$AD$10,2))),"",IF($AC31="","",ROUND(($AC31/$AC$10)*$AD$10,2))) -> 42.86 | AE31: =IF($AD31="","",ROUND($AD31*$AE$10,2)) -> 21.43 | AG31: =IF(ISERROR(IF($AF31="","",ROUND(($AF31/$AF$10)*$AG$10,2))),"",IF($AF31="","",ROUND(($AF31/$AF$10)*$AG$10,2))) | AH31: =IF($AG31="","",ROUND($AG31*$AH$10,2)) | AI31: =IF(ISERROR(IF($AF31="","",ROUND(SUM($R31,$AE31,$AH31),2))),"",IF($AF31="","",ROUND(SUM($R31,$AE31,$AH31),2))) | AJ31: =IF(ISERROR(IF($AF31="","",VLOOKUP(AI31,TRANSMUTATION_TABLE,4,TRUE))),"",IF($AF31="","",VLOOKUP(AI31,TRANSMUTATION_TABLE,4,TRUE)))
A32: 21 | B32: ='INPUT DATA'!B32 -> Zapata, Xed Yuan Arcilla | G32: 10 | H32: 10 | I32: 14 | P32: =IF(COUNT($F32:$O32)=0,"",SUM($F32:$O32)) -> 34 | Q32: =IF(ISERROR(IF($P32="","",ROUND(($P32/$P$10)*$Q$10,2))),"",IF($P32="","",ROUND(($P32/$P$10)*$Q$10,2))) -> 42.5 | R32: =IF($Q32="","",ROUND($Q32*$R$10,2)) -> 12.75 | U32: 18 | V32: 9 | AC32: =IF(COUNT($S32:$AB32)=0,"",SUM($S32:$AB32)) -> 27 | AD32: =IF(ISERROR(IF($AC32="","",ROUND(($AC32/$AC$10)*$AD$10,2))),"",IF($AC32="","",ROUND(($AC32/$AC$10)*$AD$10,2))) -> 38.57 | AE32: =IF($AD32="","",ROUND($AD32*$AE$10,2)) -> 19.29 | AG32: =IF(ISERROR(IF($AF32="","",ROUND(($AF32/$AF$10)*$AG$10,2))),"",IF($AF32="","",ROUND(($AF32/$AF$10)*$AG$10,2))) | AH32: =IF($AG32="","",ROUND($AG32*$AH$10,2)) | AI32: =IF(ISERROR(IF($AF32="","",ROUND(SUM($R32,$AE32,$AH32),2))),"",IF($AF32="","",ROUND(SUM($R32,$AE32,$AH32),2))) | AJ32: =IF(ISERROR(IF($AF32="","",VLOOKUP(AI32,TRANSMUTATION_TABLE,4,TRUE))),"",IF($AF32="","",VLOOKUP(AI32,TRANSMUTATION_TABLE,4,TRUE)))
A33: 22 | B33: ='INPUT DATA'!B33 -> Cardenio, John Henry | G33: 4 | I33: 11 | P33: =IF(COUNT($F33:$O33)=0,"",SUM($F33:$O33)) -> 15 | Q33: =IF(ISERROR(IF($P33="","",ROUND(($P33/$P$10)*$Q$10,2))),"",IF($P33="","",ROUND(($P33/$P$10)*$Q$10,2))) -> 18.75 | R33: =IF($Q33="","",ROUND($Q33*$R$10,2)) -> 5.63 | U33: 5 | V33: 8 | AC33: =IF(COUNT($S33:$AB33)=0,"",SUM($S33:$AB33)) -> 13 | AD33: =IF(ISERROR(IF($AC33="","",ROUND(($AC33/$AC$10)*$AD$10,2))),"",IF($AC33="","",ROUND(($AC33/$AC$10)*$AD$10,2))) -> 18.57 | AE33: =IF($AD33="","",ROUND($AD33*$AE$10,2)) -> 9.29 | AG33: =IF(ISERROR(IF($AF33="","",ROUND(($AF33/$AF$10)*$AG$10,2))),"",IF($AF33="","",ROUND(($AF33/$AF$10)*$AG$10,2))) | AH33: =IF($AG33="","",ROUND($AG33*$AH$10,2)) | AI33: =IF(ISERROR(IF($AF33="","",ROUND(SUM($R33,$AE33,$AH33),2))),"",IF($AF33="","",ROUND(SUM($R33,$AE33,$AH33),2))) | AJ33: =IF(ISERROR(IF($AF33="","",VLOOKUP(AI33,TRANSMUTATION_TABLE,4,TRUE))),"",IF($AF33="","",VLOOKUP(AI33,TRANSMUTATION_TABLE,4,TRUE)))
A34: 23 | B34: ='INPUT DATA'!B34 -> 0 | P34: =IF(COUNT($F34:$O34)=0,"",SUM($F34:$O34)) | Q34: =IF(ISERROR(IF($P34="","",ROUND(($P34/$P$10)*$Q$10,2))),"",IF($P34="","",ROUND(($P34/$P$10)*$Q$10,2))) | R34: =IF($Q34="","",ROUND($Q34*$R$10,2)) | AC34: =IF(COUNT($S34:$AB34)=0,"",SUM($S34:$AB34)) | AD34: =IF(ISERROR(IF($AC34="","",ROUND(($AC34/$AC$10)*$AD$10,2))),"",IF($AC34="","",ROUND(($AC34/$AC$10)*$AD$10,2))) | AE34: =IF($AD34="","",ROUND($AD34*$AE$10,2)) | AG34: =IF(ISERROR(IF($AF34="","",ROUND(($AF34/$AF$10)*$AG$10,2))),"",IF($AF34="","",ROUND(($AF34/$AF$10)*$AG$10,2))) | AH34: =IF($AG34="","",ROUND($AG34*$AH$10,2)) | AI34: =IF(ISERROR(IF($AF34="","",ROUND(SUM($R34,$AE34,$AH34),2))),"",IF($AF34="","",ROUND(SUM($R34,$AE34,$AH34),2))) | AJ34: =IF(ISERROR(IF($AF34="","",VLOOKUP(AI34,TRANSMUTATION_TABLE,4,TRUE))),"",IF($AF34="","",VLOOKUP(AI34,TRANSMUTATION_TABLE,4,TRUE)))
A35: 24 | B35: ='INPUT DATA'!B35 -> 0 | P35: =IF(COUNT($F35:$O35)=0,"",SUM($F35:$O35)) | Q35: =IF(ISERROR(IF($P35="","",ROUND(($P35/$P$10)*$Q$10,2))),"",IF($P35="","",ROUND(($P35/$P$10)*$Q$10,2))) | R35: =IF($Q35="","",ROUND($Q35*$R$10,2)) | AC35: =IF(COUNT($S35:$AB35)=0,"",SUM($S35:$AB35)) | AD35: =IF(ISERROR(IF($AC35="","",ROUND(($AC35/$AC$10)*$AD$10,2))),"",IF($AC35="","",ROUND(($AC35/$AC$10)*$AD$10,2))) | AE35: =IF($AD35="","",ROUND($AD35*$AE$10,2)) | AG35: =IF(ISERROR(IF($AF35="","",ROUND(($AF35/$AF$10)*$AG$10,2))),"",IF($AF35="","",ROUND(($AF35/$AF$10)*$AG$10,2))) | AH35: =IF($AG35="","",ROUND($AG35*$AH$10,2)) | AI35: =IF(ISERROR(IF($AF35="","",ROUND(SUM($R35,$AE35,$AH35),2))),"",IF($AF35="","",ROUND(SUM($R35,$AE35,$AH35),2))) | AJ35: =IF(ISERROR(IF($AF35="","",VLOOKUP(AI35,TRANSMUTATION_TABLE,4,TRUE))),"",IF($AF35="","",VLOOKUP(AI35,TRANSMUTATION_TABLE,4,TRUE)))
A36: 25 | B36: ='INPUT DATA'!B36 -> 0 | P36: =IF(COUNT($F36:$O36)=0,"",SUM($F36:$O36)) | Q36: =IF(ISERROR(IF($P36="","",ROUND(($P36/$P$10)*$Q$10,2))),"",IF($P36="","",ROUND(($P36/$P$10)*$Q$10,2))) | R36: =IF($Q36="","",ROUND($Q36*$R$10,2)) | AC36: =IF(COUNT($S36:$AB36)=0,"",SUM($S36:$AB36)) | AD36: =IF(ISERROR(IF($AC36="","",ROUND(($AC36/$AC$10)*$AD$10,2))),"",IF($AC36="","",ROUND(($AC36/$AC$10)*$AD$10,2))) | AE36: =IF($AD36="","",ROUND($AD36*$AE$10,2)) | AG36: =IF(ISERROR(IF($AF36="","",ROUND(($AF36/$AF$10)*$AG$10,2))),"",IF($AF36="","",ROUND(($AF36/$AF$10)*$AG$10,2))) | AH36: =IF($AG36="","",ROUND($AG36*$AH$10,2)) | AI36: =IF(ISERROR(IF($AF36="","",ROUND(SUM($R36,$AE36,$AH36),2))),"",IF($AF36="","",ROUND(SUM($R36,$AE36,$AH36),2))) | AJ36: =IF(ISERROR(IF($AF36="","",VLOOKUP(AI36,TRANSMUTATION_TABLE,4,TRUE))),"",IF($AF36="","",VLOOKUP(AI36,TRANSMUTATION_TABLE,4,TRUE)))
A37: 26 | B37: ='INPUT DATA'!B37 -> 0 | P37: =IF(COUNT($F37:$O37)=0,"",SUM($F37:$O37)) | Q37: =IF(ISERROR(IF($P37="","",ROUND(($P37/$P$10)*$Q$10,2))),"",IF($P37="","",ROUND(($P37/$P$10)*$Q$10,2))) | R37: =IF($Q37="","",ROUND($Q37*$R$10,2)) | AC37: =IF(COUNT($S37:$AB37)=0,"",SUM($S37:$AB37)) | AD37: =IF(ISERROR(IF($AC37="","",ROUND(($AC37/$AC$10)*$AD$10,2))),"",IF($AC37="","",ROUND(($AC37/$AC$10)*$AD$10,2))) | AE37: =IF($AD37="","",ROUND($AD37*$AE$10,2)) | AG37: =IF(ISERROR(IF($AF37="","",ROUND(($AF37/$AF$10)*$AG$10,2))),"",IF($AF37="","",ROUND(($AF37/$AF$10)*$AG$10,2))) | AH37: =IF($AG37="","",ROUND($AG37*$AH$10,2)) | AI37: =IF(ISERROR(IF($AF37="","",ROUND(SUM($R37,$AE37,$AH37),2))),"",IF($AF37="","",ROUND(SUM($R37,$AE37,$AH37),2))) | AJ37: =IF(ISERROR(IF($AF37="","",VLOOKUP(AI37,TRANSMUTATION_TABLE,4,TRUE))),"",IF($AF37="","",VLOOKUP(AI37,TRANSMUTATION_TABLE,4,TRUE)))
A38: 27 | B38: ='INPUT DATA'!B38 -> 0 | P38: =IF(COUNT($F38:$O38)=0,"",SUM($F38:$O38)) | Q38: =IF(ISERROR(IF($P38="","",ROUND(($P38/$P$10)*$Q$10,2))),"",IF($P38="","",ROUND(($P38/$P$10)*$Q$10,2))) | R38: =IF($Q38="","",ROUND($Q38*$R$10,2)) | AC38: =IF(COUNT($S38:$AB38)=0,"",SUM($S38:$AB38)) | AD38: =IF(ISERROR(IF($AC38="","",ROUND(($AC38/$AC$10)*$AD$10,2))),"",IF($AC38="","",ROUND(($AC38/$AC$10)*$AD$10,2))) | AE38: =IF($AD38="","",ROUND($AD38*$AE$10,2)) | AG38: =IF(ISERROR(IF($AF38="","",ROUND(($AF38/$AF$10)*$AG$10,2))),"",IF($AF38="","",ROUND(($AF38/$AF$10)*$AG$10,2))) | AH38: =IF($AG38="","",ROUND($AG38*$AH$10,2)) | AI38: =IF(ISERROR(IF($AF38="","",ROUND(SUM($R38,$AE38,$AH38),2))),"",IF($AF38="","",ROUND(SUM($R38,$AE38,$AH38),2))) | AJ38: =IF(ISERROR(IF($AF38="","",VLOOKUP(AI38,TRANSMUTATION_TABLE,4,TRUE))),"",IF($AF38="","",VLOOKUP(AI38,TRANSMUTATION_TABLE,4,TRUE)))
A39: 28 | B39: ='INPUT DATA'!B39 -> 0 | P39: =IF(COUNT($F39:$O39)=0,"",SUM($F39:$O39)) | Q39: =IF(ISERROR(IF($P39="","",ROUND(($P39/$P$10)*$Q$10,2))),"",IF($P39="","",ROUND(($P39/$P$10)*$Q$10,2))) | R39: =IF($Q39="","",ROUND($Q39*$R$10,2)) | AC39: =IF(COUNT($S39:$AB39)=0,"",SUM($S39:$AB39)) | AD39: =IF(ISERROR(IF($AC39="","",ROUND(($AC39/$AC$10)*$AD$10,2))),"",IF($AC39="","",ROUND(($AC39/$AC$10)*$AD$10,2))) | AE39: =IF($AD39="","",ROUND($AD39*$AE$10,2)) | AG39: =IF(ISERROR(IF($AF39="","",ROUND(($AF39/$AF$10)*$AG$10,2))),"",IF($AF39="","",ROUND(($AF39/$AF$10)*$AG$10,2))) | AH39: =IF($AG39="","",ROUND($AG39*$AH$10,2)) | AI39: =IF(ISERROR(IF($AF39="","",ROUND(SUM($R39,$AE39,$AH39),2))),"",IF($AF39="","",ROUND(SUM($R39,$AE39,$AH39),2))) | AJ39: =IF(ISERROR(IF($AF39="","",VLOOKUP(AI39,TRANSMUTATION_TABLE,4,TRUE))),"",IF($AF39="","",VLOOKUP(AI39,TRANSMUTATION_TABLE,4,TRUE)))
A40: 29 | B40: ='INPUT DATA'!B40 -> 0 | P40: =IF(COUNT($F40:$O40)=0,"",SUM($F40:$O40)) | Q40: =IF(ISERROR(IF($P40="","",ROUND(($P40/$P$10)*$Q$10,2))),"",IF($P40="","",ROUND(($P40/$P$10)*$Q$10,2))) | R40: =IF($Q40="","",ROUND($Q40*$R$10,2)) | AC40: =IF(COUNT($S40:$AB40)=0,"",SUM($S40:$AB40)) | AD40: =IF(ISERROR(IF($AC40="","",ROUND(($AC40/$AC$10)*$AD$10,2))),"",IF($AC40="","",ROUND(($AC40/$AC$10)*$AD$10,2))) | AE40: =IF($AD40="","",ROUND($AD40*$AE$10,2)) | AG40: =IF(ISERROR(IF($AF40="","",ROUND(($AF40/$AF$10)*$AG$10,2))),"",IF($AF40="","",ROUND(($AF40/$AF$10)*$AG$10,2))) | AH40: =IF($AG40="","",ROUND($AG40*$AH$10,2)) | AI40: =IF(ISERROR(IF($AF40="","",ROUND(SUM($R40,$AE40,$AH40),2))),"",IF($AF40="","",ROUND(SUM($R40,$AE40,$AH40),2))) | AJ40: =IF(ISERROR(IF($AF40="","",VLOOKUP(AI40,TRANSMUTATION_TABLE,4,TRUE))),"",IF($AF40="","",VLOOKUP(AI40,TRANSMUTATION_TABLE,4,TRUE)))
A41: 30 | B41: ='INPUT DATA'!B41 -> 0 | P41: =IF(COUNT($F41:$O41)=0,"",SUM($F41:$O41)) | Q41: =IF(ISERROR(IF($P41="","",ROUND(($P41/$P$10)*$Q$10,2))),"",IF($P41="","",ROUND(($P41/$P$10)*$Q$10,2))) | R41: =IF($Q41="","",ROUND($Q41*$R$10,2)) | AC41: =IF(COUNT($S41:$AB41)=0,"",SUM($S41:$AB41)) | AD41: =IF(ISERROR(IF($AC41="","",ROUND(($AC41/$AC$10)*$AD$10,2))),"",IF($AC41="","",ROUND(($AC41/$AC$10)*$AD$10,2))) | AE41: =IF($AD41="","",ROUND($AD41*$AE$10,2)) | AG41: =IF(ISERROR(IF($AF41="","",ROUND(($AF41/$AF$10)*$AG$10,2))),"",IF($AF41="","",ROUND(($AF41/$AF$10)*$AG$10,2))) | AH41: =IF($AG41="","",ROUND($AG41*$AH$10,2)) | AI41: =IF(ISERROR(IF($AF41="","",ROUND(SUM($R41,$AE41,$AH41),2))),"",IF($AF41="","",ROUND(SUM($R41,$AE41,$AH41),2))) | AJ41: =IF(ISERROR(IF($AF41="","",VLOOKUP(AI41,TRANSMUTATION_TABLE,4,TRUE))),"",IF($AF41="","",VLOOKUP(AI41,TRANSMUTATION_TABLE,4,TRUE)))
A42: 31 | B42: ='INPUT DATA'!B42 -> 0 | P42: =IF(COUNT($F42:$O42)=0,"",SUM($F42:$O42)) | Q42: =IF(ISERROR(IF($P42="","",ROUND(($P42/$P$10)*$Q$10,2))),"",IF($P42="","",ROUND(($P42/$P$10)*$Q$10,2))) | R42: =IF($Q42="","",ROUND($Q42*$R$10,2)) | AC42: =IF(COUNT($S42:$AB42)=0,"",SUM($S42:$AB42)) | AD42: =IF(ISERROR(IF($AC42="","",ROUND(($AC42/$AC$10)*$AD$10,2))),"",IF($AC42="","",ROUND(($AC42/$AC$10)*$AD$10,2))) | AE42: =IF($AD42="","",ROUND($AD42*$AE$10,2)) | AG42: =IF(ISERROR(IF($AF42="","",ROUND(($AF42/$AF$10)*$AG$10,2))),"",IF($AF42="","",ROUND(($AF42/$AF$10)*$AG$10,2))) | AH42: =IF($AG42="","",ROUND($AG42*$AH$10,2)) | AI42: =IF(ISERROR(IF($AF42="","",ROUND(SUM($R42,$AE42,$AH42),2))),"",IF($AF42="","",ROUND(SUM($R42,$AE42,$AH42),2))) | AJ42: =IF(ISERROR(IF($AF42="","",VLOOKUP(AI42,TRANSMUTATION_TABLE,4,TRUE))),"",IF($AF42="","",VLOOKUP(AI42,TRANSMUTATION_TABLE,4,TRUE)))
A43: 32 | B43: ='INPUT DATA'!B43 -> 0 | P43: =IF(COUNT($F43:$O43)=0,"",SUM($F43:$O43)) | Q43: =IF(ISERROR(IF($P43="","",ROUND(($P43/$P$10)*$Q$10,2))),"",IF($P43="","",ROUND(($P43/$P$10)*$Q$10,2))) | R43: =IF($Q43="","",ROUND($Q43*$R$10,2)) | AC43: =IF(COUNT($S43:$AB43)=0,"",SUM($S43:$AB43)) | AD43: =IF(ISERROR(IF($AC43="","",ROUND(($AC43/$AC$10)*$AD$10,2))),"",IF($AC43="","",ROUND(($AC43/$AC$10)*$AD$10,2))) | AE43: =IF($AD43="","",ROUND($AD43*$AE$10,2)) | AG43: =IF(ISERROR(IF($AF43="","",ROUND(($AF43/$AF$10)*$AG$10,2))),"",IF($AF43="","",ROUND(($AF43/$AF$10)*$AG$10,2))) | AH43: =IF($AG43="","",ROUND($AG43*$AH$10,2)) | AI43: =IF(ISERROR(IF($AF43="","",ROUND(SUM($R43,$AE43,$AH43),2))),"",IF($AF43="","",ROUND(SUM($R43,$AE43,$AH43),2))) | AJ43: =IF(ISERROR(IF($AF43="","",VLOOKUP(AI43,TRANSMUTATION_TABLE,4,TRUE))),"",IF($AF43="","",VLOOKUP(AI43,TRANSMUTATION_TABLE,4,TRUE)))
A44: 33 | B44: ='INPUT DATA'!B44 -> 0 | P44: =IF(COUNT($F44:$O44)=0,"",SUM($F44:$O44)) | Q44: =IF(ISERROR(IF($P44="","",ROUND(($P44/$P$10)*$Q$10,2))),"",IF($P44="","",ROUND(($P44/$P$10)*$Q$10,2))) | R44: =IF($Q44="","",ROUND($Q44*$R$10,2)) | AC44: =IF(COUNT($S44:$AB44)=0,"",SUM($S44:$AB44)) | AD44: =IF(ISERROR(IF($AC44="","",ROUND(($AC44/$AC$10)*$AD$10,2))),"",IF($AC44="","",ROUND(($AC44/$AC$10)*$AD$10,2))) | AE44: =IF($AD44="","",ROUND($AD44*$AE$10,2)) | AG44: =IF(ISERROR(IF($AF44="","",ROUND(($AF44/$AF$10)*$AG$10,2))),"",IF($AF44="","",ROUND(($AF44/$AF$10)*$AG$10,2))) | AH44: =IF($AG44="","",ROUND($AG44*$AH$10,2)) | AI44: =IF(ISERROR(IF($AF44="","",ROUND(SUM($R44,$AE44,$AH44),2))),"",IF($AF44="","",ROUND(SUM($R44,$AE44,$AH44),2))) | AJ44: =IF(ISERROR(IF($AF44="","",VLOOKUP(AI44,TRANSMUTATION_TABLE,4,TRUE))),"",IF($AF44="","",VLOOKUP(AI44,TRANSMUTATION_TABLE,4,TRUE)))
A45: 34 | B45: ='INPUT DATA'!B45 -> 0 | P45: =IF(COUNT($F45:$O45)=0,"",SUM($F45:$O45)) | Q45: =IF(ISERROR(IF($P45="","",ROUND(($P45/$P$10)*$Q$10,2))),"",IF($P45="","",ROUND(($P45/$P$10)*$Q$10,2))) | R45: =IF($Q45="","",ROUND($Q45*$R$10,2)) | AC45: =IF(COUNT($S45:$AB45)=0,"",SUM($S45:$AB45)) | AD45: =IF(ISERROR(IF($AC45="","",ROUND(($AC45/$AC$10)*$AD$10,2))),"",IF($AC45="","",ROUND(($AC45/$AC$10)*$AD$10,2))) | AE45: =IF($AD45="","",ROUND($AD45*$AE$10,2)) | AG45: =IF(ISERROR(IF($AF45="","",ROUND(($AF45/$AF$10)*$AG$10,2))),"",IF($AF45="","",ROUND(($AF45/$AF$10)*$AG$10,2))) | AH45: =IF($AG45="","",ROUND($AG45*$AH$10,2)) | AI45: =IF(ISERROR(IF($AF45="","",ROUND(SUM($R45,$AE45,$AH45),2))),"",IF($AF45="","",ROUND(SUM($R45,$AE45,$AH45),2))) | AJ45: =IF(ISERROR(IF($AF45="","",VLOOKUP(AI45,TRANSMUTATION_TABLE,4,TRUE))),"",IF($AF45="","",VLOOKUP(AI45,TRANSMUTATION_TABLE,4,TRUE)))
... A61: 50 | B61: ='INPUT DATA'!B61 -> 0 | P61: =IF(COUNT($F61:$O61)=0,"",SUM($F61:$O61)) | Q61: =IF(ISERROR(IF($P61="","",ROUND(($P61/$P$10)*$Q$10,2))),"",IF($P61="","",ROUND(($P61/$P$10)*$Q$10,2))) | R61: =IF($Q61="","",ROUND($Q61*$R$10,2)) | AC61: =IF(COUNT($S61:$AB61)=0,"",SUM($S61:$AB61)) | AD61: =IF(ISERROR(IF($AC61="","",ROUND(($AC61/$AC$10)*$AD$10,2))),"",IF($AC61="","",ROUND(($AC61/$AC$10)*$AD$10,2))) | AE61: =IF($AD61="","",ROUND($AD61*$AE$10,2)) | AG61: =IF(ISERROR(IF($AF61="","",ROUND(($AF61/$AF$10)*$AG$10,2))),"",IF($AF61="","",ROUND(($AF61/$AF$10)*$AG$10,2))) | AH61: =IF($AG61="","",ROUND($AG61*$AH$10,2)) | AI61: =IF(ISERROR(IF($AF61="","",ROUND(SUM($R61,$AE61,$AH61),2))),"",IF($AF61="","",ROUND(SUM($R61,$AE61,$AH61),2))) | AJ61: =IF(ISERROR(IF($AF61="","",VLOOKUP(AI61,TRANSMUTATION_TABLE,4,TRUE))),"",IF($AF61="","",VLOOKUP(AI61,TRANSMUTATION_TABLE,4,TRUE)))
B62: FEMALE
A63: 1 | B63: ='INPUT DATA'!B63 -> Azuelo,Jenn Mae Abenierra | G63: 6 | P63: =IF(COUNT($F63:$O63)=0,"",SUM($F63:$O63)) -> 6 | Q63: =IF(ISERROR(IF($P63="","",ROUND(($P63/$P$10)*$Q$10,2))),"",IF($P63="","",ROUND(($P63/$P$10)*$Q$10,2))) -> 7.5 | R63: =IF($Q63="","",ROUND($Q63*$R$10,2)) -> 2.25 | U63: 12 | AC63: =IF(COUNT($S63:$AB63)=0,"",SUM($S63:$AB63)) -> 12 | AD63: =IF(ISERROR(IF($AC63="","",ROUND(($AC63/$AC$10)*$AD$10,2))),"",IF($AC63="","",ROUND(($AC63/$AC$10)*$AD$10,2))) -> 17.14 | AE63: =IF($AD63="","",ROUND($AD63*$AE$10,2)) -> 8.57 | AG63: =IF(ISERROR(IF($AF63="","",ROUND(($AF63/$AF$10)*$AG$10,2))),"",IF($AF63="","",ROUND(($AF63/$AF$10)*$AG$10,2))) | AH63: =IF($AG63="","",ROUND($AG63*$AH$10,2)) | AI63: =IF(ISERROR(IF($AF63="","",ROUND(SUM($R63,$AE63,$AH63),2))),"",IF($AF63="","",ROUND(SUM($R63,$AE63,$AH63),2))) | AJ63: =IF(ISERROR(IF($AF63="","",VLOOKUP(AI63,TRANSMUTATION_TABLE,4,TRUE))),"",IF($AF63="","",VLOOKUP(AI63,TRANSMUTATION_TABLE,4,TRUE)))
A64: 2 | B64: ='INPUT DATA'!B64 -> Buan, Maria Dyniss | G64: 8 | H64: 8 | I64: 11 | P64: =IF(COUNT($F64:$O64)=0,"",SUM($F64:$O64)) -> 27 | Q64: =IF(ISERROR(IF($P64="","",ROUND(($P64/$P$10)*$Q$10,2))),"",IF($P64="","",ROUND(($P64/$P$10)*$Q$10,2))) -> 33.75 | R64: =IF($Q64="","",ROUND($Q64*$R$10,2)) -> 10.13 | U64: 19 | V64: 8 | AC64: =IF(COUNT($S64:$AB64)=0,"",SUM($S64:$AB64)) -> 27 | AD64: =IF(ISERROR(IF($AC64="","",ROUND(($AC64/$AC$10)*$AD$10,2))),"",IF($AC64="","",ROUND(($AC64/$AC$10)*$AD$10,2))) -> 38.57 | AE64: =IF($AD64="","",ROUND($AD64*$AE$10,2)) -> 19.29 | AG64: =IF(ISERROR(IF($AF64="","",ROUND(($AF64/$AF$10)*$AG$10,2))),"",IF($AF64="","",ROUND(($AF64/$AF$10)*$AG$10,2))) | AH64: =IF($AG64="","",ROUND($AG64*$AH$10,2)) | AI64: =IF(ISERROR(IF($AF64="","",ROUND(SUM($R64,$AE64,$AH64),2))),"",IF($AF64="","",ROUND(SUM($R64,$AE64,$AH64),2))) | AJ64: =IF(ISERROR(IF($AF64="","",VLOOKUP(AI64,TRANSMUTATION_TABLE,4,TRUE))),"",IF($AF64="","",VLOOKUP(AI64,TRANSMUTATION_TABLE,4,TRUE)))
A65: 3 | B65: ='INPUT DATA'!B65 -> Bujala, Jaylovelyn Mabini | G65: 9 | H65: 7 | I65: 11 | P65: =IF(COUNT($F65:$O65)=0,"",SUM($F65:$O65)) -> 27 | Q65: =IF(ISERROR(IF($P65="","",ROUND(($P65/$P$10)*$Q$10,2))),"",IF($P65="","",ROUND(($P65/$P$10)*$Q$10,2))) -> 33.75 | R65: =IF($Q65="","",ROUND($Q65*$R$10,2)) -> 10.13 | U65: 19 | V65: 9 | AC65: =IF(COUNT($S65:$AB65)=0,"",SUM($S65:$AB65)) -> 28 | AD65: =IF(ISERROR(IF($AC65="","",ROUND(($AC65/$AC$10)*$AD$10,2))),"",IF($AC65="","",ROUND(($AC65/$AC$10)*$AD$10,2))) -> 40 | AE65: =IF($AD65="","",ROUND($AD65*$AE$10,2)) -> 20 | AG65: =IF(ISERROR(IF($AF65="","",ROUND(($AF65/$AF$10)*$AG$10,2))),"",IF($AF65="","",ROUND(($AF65/$AF$10)*$AG$10,2))) | AH65: =IF($AG65="","",ROUND($AG65*$AH$10,2)) | AI65: =IF(ISERROR(IF($AF65="","",ROUND(SUM($R65,$AE65,$AH65),2))),"",IF($AF65="","",ROUND(SUM($R65,$AE65,$AH65),2))) | AJ65: =IF(ISERROR(IF($AF65="","",VLOOKUP(AI65,TRANSMUTATION_TABLE,4,TRUE))),"",IF($AF65="","",VLOOKUP(AI65,TRANSMUTATION_TABLE,4,TRUE)))
A66: 4 | B66: ='INPUT DATA'!B66 -> Canete Nieran Alinsuas | G66: 10 | H66: 10 | I66: 13 | P66: =IF(COUNT($F66:$O66)=0,"",SUM($F66:$O66)) -> 33 | Q66: =IF(ISERROR(IF($P66="","",ROUND(($P66/$P$10)*$Q$10,2))),"",IF($P66="","",ROUND(($P66/$P$10)*$Q$10,2))) -> 41.25 | R66: =IF($Q66="","",ROUND($Q66*$R$10,2)) -> 12.38 | U66: 19 | V66: 10 | AC66: =IF(COUNT($S66:$AB66)=0,"",SUM($S66:$AB66)) -> 29 | AD66: =IF(ISERROR(IF($AC66="","",ROUND(($AC66/$AC$10)*$AD$10,2))),"",IF($AC66="","",ROUND(($AC66/$AC$10)*$AD$10,2))) -> 41.43 | AE66: =IF($AD66="","",ROUND($AD66*$AE$10,2)) -> 20.72 | AG66: =IF(ISERROR(IF($AF66="","",ROUND(($AF66/$AF$10)*$AG$10,2))),"",IF($AF66="","",ROUND(($AF66/$AF$10)*$AG$10,2))) | AH66: =IF($AG66="","",ROUND($AG66*$AH$10,2)) | AI66: =IF(ISERROR(IF($AF66="","",ROUND(SUM($R66,$AE66,$AH66),2))),"",IF($AF66="","",ROUND(SUM($R66,$AE66,$AH66),2))) | AJ66: =IF(ISERROR(IF($AF66="","",VLOOKUP(AI66,TRANSMUTATION_TABLE,4,TRUE))),"",IF($AF66="","",VLOOKUP(AI66,TRANSMUTATION_TABLE,4,TRUE)))
A67: 5 | B67: ='INPUT DATA'!B67 -> Canlapan Mayline | G67: 1 | H67: 5 | I67: 10 | P67: =IF(COUNT($F67:$O67)=0,"",SUM($F67:$O67)) -> 16 | Q67: =IF(ISERROR(IF($P67="","",ROUND(($P67/$P$10)*$Q$10,2))),"",IF($P67="","",ROUND(($P67/$P$10)*$Q$10,2))) -> 20 | R67: =IF($Q67="","",ROUND($Q67*$R$10,2)) -> 6 | U67: 10 | AC67: =IF(COUNT($S67:$AB67)=0,"",SUM($S67:$AB67)) -> 10 | AD67: =IF(ISERROR(IF($AC67="","",ROUND(($AC67/$AC$10)*$AD$10,2))),"",IF($AC67="","",ROUND(($AC67/$AC$10)*$AD$10,2))) -> 14.29 | AE67: =IF($AD67="","",ROUND($AD67*$AE$10,2)) -> 7.15 | AG67: =IF(ISERROR(IF($AF67="","",ROUND(($AF67/$AF$10)*$AG$10,2))),"",IF($AF67="","",ROUND(($AF67/$AF$10)*$AG$10,2))) | AH67: =IF($AG67="","",ROUND($AG67*$AH$10,2)) | AI67: =IF(ISERROR(IF($AF67="","",ROUND(SUM($R67,$AE67,$AH67),2))),"",IF($AF67="","",ROUND(SUM($R67,$AE67,$AH67),2))) | AJ67: =IF(ISERROR(IF($AF67="","",VLOOKUP(AI67,TRANSMUTATION_TABLE,4,TRUE))),"",IF($AF67="","",VLOOKUP(AI67,TRANSMUTATION_TABLE,4,TRUE)))
A68: 6 | B68: ='INPUT DATA'!B68 -> Caoleng Simoune Gabrielle | G68: 8 | H68: 7 | I68: 15 | P68: =IF(COUNT($F68:$O68)=0,"",SUM($F68:$O68)) -> 30 | Q68: =IF(ISERROR(IF($P68="","",ROUND(($P68/$P$10)*$Q$10,2))),"",IF($P68="","",ROUND(($P68/$P$10)*$Q$10,2))) -> 37.5 | R68: =IF($Q68="","",ROUND($Q68*$R$10,2)) -> 11.25 | U68: 18 | V68: 9 | AC68: =IF(COUNT($S68:$AB68)=0,"",SUM($S68:$AB68)) -> 27 | AD68: =IF(ISERROR(IF($AC68="","",ROUND(($AC68/$AC$10)*$AD$10,2))),"",IF($AC68="","",ROUND(($AC68/$AC$10)*$AD$10,2))) -> 38.57 | AE68: =IF($AD68="","",ROUND($AD68*$AE$10,2)) -> 19.29 | AG68: =IF(ISERROR(IF($AF68="","",ROUND(($AF68/$AF$10)*$AG$10,2))),"",IF($AF68="","",ROUND(($AF68/$AF$10)*$AG$10,2))) | AH68: =IF($AG68="","",ROUND($AG68*$AH$10,2)) | AI68: =IF(ISERROR(IF($AF68="","",ROUND(SUM($R68,$AE68,$AH68),2))),"",IF($AF68="","",ROUND(SUM($R68,$AE68,$AH68),2))) | AJ68: =IF(ISERROR(IF($AF68="","",VLOOKUP(AI68,TRANSMUTATION_TABLE,4,TRUE))),"",IF($AF68="","",VLOOKUP(AI68,TRANSMUTATION_TABLE,4,TRUE)))
A69: 7 | B69: ='INPUT DATA'!B69 -> De Leon Jannadhine Breboneria | G69: 10 | I69: 10 | P69: =IF(COUNT($F69:$O69)=0,"",SUM($F69:$O69)) -> 20 | Q69: =IF(ISERROR(IF($P69="","",ROUND(($P69/$P$10)*$Q$10,2))),"",IF($P69="","",ROUND(($P69/$P$10)*$Q$10,2))) -> 25 | R69: =IF($Q69="","",ROUND($Q69*$R$10,2)) -> 7.5 | U69: 5 | V69: 8 | AC69: =IF(COUNT($S69:$AB69)=0,"",SUM($S69:$AB69)) -> 13 | AD69: =IF(ISERROR(IF($AC69="","",ROUND(($AC69/$AC$10)*$AD$10,2))),"",IF($AC69="","",ROUND(($AC69/$AC$10)*$AD$10,2))) -> 18.57 | AE69: =IF($AD69="","",ROUND($AD69*$AE$10,2)) -> 9.29 | AG69: =IF(ISERROR(IF($AF69="","",ROUND(($AF69/$AF$10)*$AG$10,2))),"",IF($AF69="","",ROUND(($AF69/$AF$10)*$AG$10,2))) | AH69: =IF($AG69="","",ROUND($AG69*$AH$10,2)) | AI69: =IF(ISERROR(IF($AF69="","",ROUND(SUM($R69,$AE69,$AH69),2))),"",IF($AF69="","",ROUND(SUM($R69,$AE69,$AH69),2))) | AJ69: =IF(ISERROR(IF($AF69="","",VLOOKUP(AI69,TRANSMUTATION_TABLE,4,TRUE))),"",IF($AF69="","",VLOOKUP(AI69,TRANSMUTATION_TABLE,4,TRUE)))
A70: 8 | B70: ='INPUT DATA'!B70 -> Enriquez, Kyrie Haboc | G70: 5 | H70: 9 | I70: 13 | P70: =IF(COUNT($F70:$O70)=0,"",SUM($F70:$O70)) -> 27 | Q70: =IF(ISERROR(IF($P70="","",ROUND(($P70/$P$10)*$Q$10,2))),"",IF($P70="","",ROUND(($P70/$P$10)*$Q$10,2))) -> 33.75 | R70: =IF($Q70="","",ROUND($Q70*$R$10,2)) -> 10.13 | U70: 10 | AC70: =IF(COUNT($S70:$AB70)=0,"",SUM($S70:$AB70)) -> 10 | AD70: =IF(ISERROR(IF($AC70="","",ROUND(($AC70/$AC$10)*$AD$10,2))),"",IF($AC70="","",ROUND(($AC70/$AC$10)*$AD$10,2))) -> 14.29 | AE70: =IF($AD70="","",ROUND($AD70*$AE$10,2)) -> 7.15 | AG70: =IF(ISERROR(IF($AF70="","",ROUND(($AF70/$AF$10)*$AG$10,2))),"",IF($AF70="","",ROUND(($AF70/$AF$10)*$AG$10,2))) | AH70: =IF($AG70="","",ROUND($AG70*$AH$10,2)) | AI70: =IF(ISERROR(IF($AF70="","",ROUND(SUM($R70,$AE70,$AH70),2))),"",IF($AF70="","",ROUND(SUM($R70,$AE70,$AH70),2))) | AJ70: =IF(ISERROR(IF($AF70="","",VLOOKUP(AI70,TRANSMUTATION_TABLE,4,TRUE))),"",IF($AF70="","",VLOOKUP(AI70,TRANSMUTATION_TABLE,4,TRUE)))
A71: 9 | B71: ='INPUT DATA'!B71 -> Estimada, Keiko | G71: 10 | H71: 10 | I71: 14 | P71: =IF(COUNT($F71:$O71)=0,"",SUM($F71:$O71)) -> 34 | Q71: =IF(ISERROR(IF($P71="","",ROUND(($P71/$P$10)*$Q$10,2))),"",IF($P71="","",ROUND(($P71/$P$10)*$Q$10,2))) -> 42.5 | R71: =IF($Q71="","",ROUND($Q71*$R$10,2)) -> 12.75 | U71: 19 | V71: 10 | AC71: =IF(COUNT($S71:$AB71)=0,"",SUM($S71:$AB71)) -> 29 | AD71: =IF(ISERROR(IF($AC71="","",ROUND(($AC71/$AC$10)*$AD$10,2))),"",IF($AC71="","",ROUND(($AC71/$AC$10)*$AD$10,2))) -> 41.43 | AE71: =IF($AD71="","",ROUND($AD71*$AE$10,2)) -> 20.72 | AG71: =IF(ISERROR(IF($AF71="","",ROUND(($AF71/$AF$10)*$AG$10,2))),"",IF($AF71="","",ROUND(($AF71/$AF$10)*$AG$10,2))) | AH71: =IF($AG71="","",ROUND($AG71*$AH$10,2)) | AI71: =IF(ISERROR(IF($AF71="","",ROUND(SUM($R71,$AE71,$AH71),2))),"",IF($AF71="","",ROUND(SUM($R71,$AE71,$AH71),2))) | AJ71: =IF(ISERROR(IF($AF71="","",VLOOKUP(AI71,TRANSMUTATION_TABLE,4,TRUE))),"",IF($AF71="","",VLOOKUP(AI71,TRANSMUTATION_TABLE,4,TRUE)))
A72: 10 | B72: ='INPUT DATA'!B72 -> Flores, Nicole Faith Icban | G72: 10 | H72: 9 | I72: 14 | P72: =IF(COUNT($F72:$O72)=0,"",SUM($F72:$O72)) -> 33 | Q72: =IF(ISERROR(IF($P72="","",ROUND(($P72/$P$10)*$Q$10,2))),"",IF($P72="","",ROUND(($P72/$P$10)*$Q$10,2))) -> 41.25 | R72: =IF($Q72="","",ROUND($Q72*$R$10,2)) -> 12.38 | U72: 18 | V72: 10 | AC72: =IF(COUNT($S72:$AB72)=0,"",SUM($S72:$AB72)) -> 28 | AD72: =IF(ISERROR(IF($AC72="","",ROUND(($AC72/$AC$10)*$AD$10,2))),"",IF($AC72="","",ROUND(($AC72/$AC$10)*$AD$10,2))) -> 40 | AE72: =IF($AD72="","",ROUND($AD72*$AE$10,2)) -> 20 | AG72: =IF(ISERROR(IF($AF72="","",ROUND(($AF72/$AF$10)*$AG$10,2))),"",IF($AF72="","",ROUND(($AF72/$AF$10)*$AG$10,2))) | AH72: =IF($AG72="","",ROUND($AG72*$AH$10,2)) | AI72: =IF(ISERROR(IF($AF72="","",ROUND(SUM($R72,$AE72,$AH72),2))),"",IF($AF72="","",ROUND(SUM($R72,$AE72,$AH72),2))) | AJ72: =IF(ISERROR(IF($AF72="","",VLOOKUP(AI72,TRANSMUTATION_TABLE,4,TRUE))),"",IF($AF72="","",VLOOKUP(AI72,TRANSMUTATION_TABLE,4,TRUE)))
A73: 11 | B73: ='INPUT DATA'!B73 -> Gabiano, Zyree | G73: 5 | H73: 10 | I73: 14 | P73: =IF(COUNT($F73:$O73)=0,"",SUM($F73:$O73)) -> 29 | Q73: =IF(ISERROR(IF($P73="","",ROUND(($P73/$P$10)*$Q$10,2))),"",IF($P73="","",ROUND(($P73/$P$10)*$Q$10,2))) -> 36.25 | R73: =IF($Q73="","",ROUND($Q73*$R$10,2)) -> 10.88 | U73: 19 | V73: 8 | AC73: =IF(COUNT($S73:$AB73)=0,"",SUM($S73:$AB73)) -> 27 | AD73: =IF(ISERROR(IF($AC73="","",ROUND(($AC73/$AC$10)*$AD$10,2))),"",IF($AC73="","",ROUND(($AC73/$AC$10)*$AD$10,2))) -> 38.57 | AE73: =IF($AD73="","",ROUND($AD73*$AE$10,2)) -> 19.29 | AG73: =IF(ISERROR(IF($AF73="","",ROUND(($AF73/$AF$10)*$AG$10,2))),"",IF($AF73="","",ROUND(($AF73/$AF$10)*$AG$10,2))) | AH73: =IF($AG73="","",ROUND($AG73*$AH$10,2)) | AI73: =IF(ISERROR(IF($AF73="","",ROUND(SUM($R73,$AE73,$AH73),2))),"",IF($AF73="","",ROUND(SUM($R73,$AE73,$AH73),2))) | AJ73: =IF(ISERROR(IF($AF73="","",VLOOKUP(AI73,TRANSMUTATION_TABLE,4,TRUE))),"",IF($AF73="","",VLOOKUP(AI73,TRANSMUTATION_TABLE,4,TRUE)))
A74: 12 | B74: ='INPUT DATA'!B74 -> Galula, Allyza Sophia | G74: 3 | I74: 13 | P74: =IF(COUNT($F74:$O74)=0,"",SUM($F74:$O74)) -> 16 | Q74: =IF(ISERROR(IF($P74="","",ROUND(($P74/$P$10)*$Q$10,2))),"",IF($P74="","",ROUND(($P74/$P$10)*$Q$10,2))) -> 20 | R74: =IF($Q74="","",ROUND($Q74*$R$10,2)) -> 6 | U74: 11 | V74: 9 | AC74: =IF(COUNT($S74:$AB74)=0,"",SUM($S74:$AB74)) -> 20 | AD74: =IF(ISERROR(IF($AC74="","",ROUND(($AC74/$AC$10)*$AD$10,2))),"",IF($AC74="","",ROUND(($AC74/$AC$10)*$AD$10,2))) -> 28.57 | AE74: =IF($AD74="","",ROUND($AD74*$AE$10,2)) -> 14.29 | AG74: =IF(ISERROR(IF($AF74="","",ROUND(($AF74/$AF$10)*$AG$10,2))),"",IF($AF74="","",ROUND(($AF74/$AF$10)*$AG$10,2))) | AH74: =IF($AG74="","",ROUND($AG74*$AH$10,2)) | AI74: =IF(ISERROR(IF($AF74="","",ROUND(SUM($R74,$AE74,$AH74),2))),"",IF($AF74="","",ROUND(SUM($R74,$AE74,$AH74),2))) | AJ74: =IF(ISERROR(IF($AF74="","",VLOOKUP(AI74,TRANSMUTATION_TABLE,4,TRUE))),"",IF($AF74="","",VLOOKUP(AI74,TRANSMUTATION_TABLE,4,TRUE)))
A75: 13 | B75: ='INPUT DATA'!B75 -> Garcia, Quennie Malungcut | G75: 8 | H75: 8 | I75: 12 | P75: =IF(COUNT($F75:$O75)=0,"",SUM($F75:$O75)) -> 28 | Q75: =IF(ISERROR(IF($P75="","",ROUND(($P75/$P$10)*$Q$10,2))),"",IF($P75="","",ROUND(($P75/$P$10)*$Q$10,2))) -> 35 | R75: =IF($Q75="","",ROUND($Q75*$R$10,2)) -> 10.5 | U75: 20 | V75: 9 | AC75: =IF(COUNT($S75:$AB75)=0,"",SUM($S75:$AB75)) -> 29 | AD75: =IF(ISERROR(IF($AC75="","",ROUND(($AC75/$AC$10)*$AD$10,2))),"",IF($AC75="","",ROUND(($AC75/$AC$10)*$AD$10,2))) -> 41.43 | AE75: =IF($AD75="","",ROUND($AD75*$AE$10,2)) -> 20.72 | AG75: =IF(ISERROR(IF($AF75="","",ROUND(($AF75/$AF$10)*$AG$10,2))),"",IF($AF75="","",ROUND(($AF75/$AF$10)*$AG$10,2))) | AH75: =IF($AG75="","",ROUND($AG75*$AH$10,2)) | AI75: =IF(ISERROR(IF($AF75="","",ROUND(SUM($R75,$AE75,$AH75),2))),"",IF($AF75="","",ROUND(SUM($R75,$AE75,$AH75),2))) | AJ75: =IF(ISERROR(IF($AF75="","",VLOOKUP(AI75,TRANSMUTATION_TABLE,4,TRUE))),"",IF($AF75="","",VLOOKUP(AI75,TRANSMUTATION_TABLE,4,TRUE)))
A76: 14 | B76: ='INPUT DATA'!B76 -> Manalastas, Starr | G76: 10 | H76: 10 | I76: 11 | P76: =IF(COUNT($F76:$O76)=0,"",SUM($F76:$O76)) -> 31 | Q76: =IF(ISERROR(IF($P76="","",ROUND(($P76/$P$10)*$Q$10,2))),"",IF($P76="","",ROUND(($P76/$P$10)*$Q$10,2))) -> 38.75 | R76: =IF($Q76="","",ROUND($Q76*$R$10,2)) -> 11.63 | U76: 18 | AC76: =IF(COUNT($S76:$AB76)=0,"",SUM($S76:$AB76)) -> 18 | AD76: =IF(ISERROR(IF($AC76="","",ROUND(($AC76/$AC$10)*$AD$10,2))),"",IF($AC76="","",ROUND(($AC76/$AC$10)*$AD$10,2))) -> 25.71 | AE76: =IF($AD76="","",ROUND($AD76*$AE$10,2)) -> 12.86 | AG76: =IF(ISERROR(IF($AF76="","",ROUND(($AF76/$AF$10)*$AG$10,2))),"",IF($AF76="","",ROUND(($AF76/$AF$10)*$AG$10,2))) | AH76: =IF($AG76="","",ROUND($AG76*$AH$10,2)) | AI76: =IF(ISERROR(IF($AF76="","",ROUND(SUM($R76,$AE76,$AH76),2))),"",IF($AF76="","",ROUND(SUM($R76,$AE76,$AH76),2))) | AJ76: =IF(ISERROR(IF($AF76="","",VLOOKUP(AI76,TRANSMUTATION_TABLE,4,TRUE))),"",IF($AF76="","",VLOOKUP(AI76,TRANSMUTATION_TABLE,4,TRUE)))
A77: 15 | B77: ='INPUT DATA'!B77 -> Marangit, Sanifa Camaya | G77: 4 | H77: 8 | I77: 14 | P77: =IF(COUNT($F77:$O77)=0,"",SUM($F77:$O77)) -> 26 | Q77: =IF(ISERROR(IF($P77="","",ROUND(($P77/$P$10)*$Q$10,2))),"",IF($P77="","",ROUND(($P77/$P$10)*$Q$10,2))) -> 32.5 | R77: =IF($Q77="","",ROUND($Q77*$R$10,2)) -> 9.75 | U77: 5 | V77: 10 | AC77: =IF(COUNT($S77:$AB77)=0,"",SUM($S77:$AB77)) -> 15 | AD77: =IF(ISERROR(IF($AC77="","",ROUND(($AC77/$AC$10)*$AD$10,2))),"",IF($AC77="","",ROUND(($AC77/$AC$10)*$AD$10,2))) -> 21.43 | AE77: =IF($AD77="","",ROUND($AD77*$AE$10,2)) -> 10.72 | AG77: =IF(ISERROR(IF($AF77="","",ROUND(($AF77/$AF$10)*$AG$10,2))),"",IF($AF77="","",ROUND(($AF77/$AF$10)*$AG$10,2))) | AH77: =IF($AG77="","",ROUND($AG77*$AH$10,2)) | AI77: =IF(ISERROR(IF($AF77="","",ROUND(SUM($R77,$AE77,$AH77),2))),"",IF($AF77="","",ROUND(SUM($R77,$AE77,$AH77),2))) | AJ77: =IF(ISERROR(IF($AF77="","",VLOOKUP(AI77,TRANSMUTATION_TABLE,4,TRUE))),"",IF($AF77="","",VLOOKUP(AI77,TRANSMUTATION_TABLE,4,TRUE)))
A78: 16 | B78: ='INPUT DATA'!B78 -> Mongcal, Mangcal Arcataka | G78: 5 | H78: 10 | I78: 14 | P78: =IF(COUNT($F78:$O78)=0,"",SUM($F78:$O78)) -> 29 | Q78: =IF(ISERROR(IF($P78="","",ROUND(($P78/$P$10)*$Q$10,2))),"",IF($P78="","",ROUND(($P78/$P$10)*$Q$10,2))) -> 36.25 | R78: =IF($Q78="","",ROUND($Q78*$R$10,2)) -> 10.88 | U78: 20 | V78: 10 | AC78: =IF(COUNT($S78:$AB78)=0,"",SUM($S78:$AB78)) -> 30 | AD78: =IF(ISERROR(IF($AC78="","",ROUND(($AC78/$AC$10)*$AD$10,2))),"",IF($AC78="","",ROUND(($AC78/$AC$10)*$AD$10,2))) -> 42.86 | AE78: =IF($AD78="","",ROUND($AD78*$AE$10,2)) -> 21.43 | AG78: =IF(ISERROR(IF($AF78="","",ROUND(($AF78/$AF$10)*$AG$10,2))),"",IF($AF78="","",ROUND(($AF78/$AF$10)*$AG$10,2))) | AH78: =IF($AG78="","",ROUND($AG78*$AH$10,2)) | AI78: =IF(ISERROR(IF($AF78="","",ROUND(SUM($R78,$AE78,$AH78),2))),"",IF($AF78="","",ROUND(SUM($R78,$AE78,$AH78),2))) | AJ78: =IF(ISERROR(IF($AF78="","",VLOOKUP(AI78,TRANSMUTATION_TABLE,4,TRUE))),"",IF($AF78="","",VLOOKUP(AI78,TRANSMUTATION_TABLE,4,TRUE)))
A79: 17 | B79: ='INPUT DATA'!B79 -> Panganiban, Micah Jewel | G79: 10 | H79: 10 | I79: 15 | P79: =IF(COUNT($F79:$O79)=0,"",SUM($F79:$O79)) -> 35 | Q79: =IF(ISERROR(IF($P79="","",ROUND(($P79/$P$10)*$Q$10,2))),"",IF($P79="","",ROUND(($P79/$P$10)*$Q$10,2))) -> 43.75 | R79: =IF($Q79="","",ROUND($Q79*$R$10,2)) -> 13.13 | U79: 20 | V79: 10 | AC79: =IF(COUNT($S79:$AB79)=0,"",SUM($S79:$AB79)) -> 30 | AD79: =IF(ISERROR(IF($AC79="","",ROUND(($AC79/$AC$10)*$AD$10,2))),"",IF($AC79="","",ROUND(($AC79/$AC$10)*$AD$10,2))) -> 42.86 | AE79: =IF($AD79="","",ROUND($AD79*$AE$10,2)) -> 21.43 | AG79: =IF(ISERROR(IF($AF79="","",ROUND(($AF79/$AF$10)*$AG$10,2))),"",IF($AF79="","",ROUND(($AF79/$AF$10)*$AG$10,2))) | AH79: =IF($AG79="","",ROUND($AG79*$AH$10,2)) | AI79: =IF(ISERROR(IF($AF79="","",ROUND(SUM($R79,$AE79,$AH79),2))),"",IF($AF79="","",ROUND(SUM($R79,$AE79,$AH79),2))) | AJ79: =IF(ISERROR(IF($AF79="","",VLOOKUP(AI79,TRANSMUTATION_TABLE,4,TRUE))),"",IF($AF79="","",VLOOKUP(AI79,TRANSMUTATION_TABLE,4,TRUE)))
A80: 18 | B80: ='INPUT DATA'!B80 -> Paras, Mician Rae Buntog | G80: 8 | H80: 8 | I80: 15 | P80: =IF(COUNT($F80:$O80)=0,"",SUM($F80:$O80)) -> 31 | Q80: =IF(ISERROR(IF($P80="","",ROUND(($P80/$P$10)*$Q$10,2))),"",IF($P80="","",ROUND(($P80/$P$10)*$Q$10,2))) -> 38.75 | R80: =IF($Q80="","",ROUND($Q80*$R$10,2)) -> 11.63 | U80: 18 | V80: 10 | AC80: =IF(COUNT($S80:$AB80)=0,"",SUM($S80:$AB80)) -> 28 | AD80: =IF(ISERROR(IF($AC80="","",ROUND(($AC80/$AC$10)*$AD$10,2))),"",IF($AC80="","",ROUND(($AC80/$AC$10)*$AD$10,2))) -> 40 | AE80: =IF($AD80="","",ROUND($AD80*$AE$10,2)) -> 20 | AG80: =IF(ISERROR(IF($AF80="","",ROUND(($AF80/$AF$10)*$AG$10,2))),"",IF($AF80="","",ROUND(($AF80/$AF$10)*$AG$10,2))) | AH80: =IF($AG80="","",ROUND($AG80*$AH$10,2)) | AI80: =IF(ISERROR(IF($AF80="","",ROUND(SUM($R80,$AE80,$AH80),2))),"",IF($AF80="","",ROUND(SUM($R80,$AE80,$AH80),2))) | AJ80: =IF(ISERROR(IF($AF80="","",VLOOKUP(AI80,TRANSMUTATION_TABLE,4,TRUE))),"",IF($AF80="","",VLOOKUP(AI80,TRANSMUTATION_TABLE,4,TRUE)))
A81: 19 | B81: ='INPUT DATA'!B81 -> Petell, Brielle Ashley Maglonzo | G81: 10 | H81: 10 | I81: 15 | P81: =IF(COUNT($F81:$O81)=0,"",SUM($F81:$O81)) -> 35 | Q81: =IF(ISERROR(IF($P81="","",ROUND(($P81/$P$10)*$Q$10,2))),"",IF($P81="","",ROUND(($P81/$P$10)*$Q$10,2))) -> 43.75 | R81: =IF($Q81="","",ROUND($Q81*$R$10,2)) -> 13.13 | U81: 20 | V81: 10 | AC81: =IF(COUNT($S81:$AB81)=0,"",SUM($S81:$AB81)) -> 30 | AD81: =IF(ISERROR(IF($AC81="","",ROUND(($AC81/$AC$10)*$AD$10,2))),"",IF($AC81="","",ROUND(($AC81/$AC$10)*$AD$10,2))) -> 42.86 | AE81: =IF($AD81="","",ROUND($AD81*$AE$10,2)) -> 21.43 | AG81: =IF(ISERROR(IF($AF81="","",ROUND(($AF81/$AF$10)*$AG$10,2))),"",IF($AF81="","",ROUND(($AF81/$AF$10)*$AG$10,2))) | AH81: =IF($AG81="","",ROUND($AG81*$AH$10,2)) | AI81: =IF(ISERROR(IF($AF81="","",ROUND(SUM($R81,$AE81,$AH81),2))),"",IF($AF81="","",ROUND(SUM($R81,$AE81,$AH81),2))) | AJ81: =IF(ISERROR(IF($AF81="","",VLOOKUP(AI81,TRANSMUTATION_TABLE,4,TRUE))),"",IF($AF81="","",VLOOKUP(AI81,TRANSMUTATION_TABLE,4,TRUE)))
A82: 20 | B82: ='INPUT DATA'!B82 -> Quito Ayesha | G82: 5 | H82: 10 | I82: 14 | P82: =IF(COUNT($F82:$O82)=0,"",SUM($F82:$O82)) -> 29 | Q82: =IF(ISERROR(IF($P82="","",ROUND(($P82/$P$10)*$Q$10,2))),"",IF($P82="","",ROUND(($P82/$P$10)*$Q$10,2))) -> 36.25 | R82: =IF($Q82="","",ROUND($Q82*$R$10,2)) -> 10.88 | U82: 18 | V82: 10 | AC82: =IF(COUNT($S82:$AB82)=0,"",SUM($S82:$AB82)) -> 28 | AD82: =IF(ISERROR(IF($AC82="","",ROUND(($AC82/$AC$10)*$AD$10,2))),"",IF($AC82="","",ROUND(($AC82/$AC$10)*$AD$10,2))) -> 40 | AE82: =IF($AD82="","",ROUND($AD82*$AE$10,2)) -> 20 | AG82: =IF(ISERROR(IF($AF82="","",ROUND(($AF82/$AF$10)*$AG$10,2))),"",IF($AF82="","",ROUND(($AF82/$AF$10)*$AG$10,2))) | AH82: =IF($AG82="","",ROUND($AG82*$AH$10,2)) | AI82: =IF(ISERROR(IF($AF82="","",ROUND(SUM($R82,$AE82,$AH82),2))),"",IF($AF82="","",ROUND(SUM($R82,$AE82,$AH82),2))) | AJ82: =IF(ISERROR(IF($AF82="","",VLOOKUP(AI82,TRANSMUTATION_TABLE,4,TRUE))),"",IF($AF82="","",VLOOKUP(AI82,TRANSMUTATION_TABLE,4,TRUE)))
A83: 21 | B83: ='INPUT DATA'!B83 -> Raandaan Jonabeth Alicante | G83: 10 | H83: 10 | I83: 15 | P83: =IF(COUNT($F83:$O83)=0,"",SUM($F83:$O83)) -> 35 | Q83: =IF(ISERROR(IF($P83="","",ROUND(($P83/$P$10)*$Q$10,2))),"",IF($P83="","",ROUND(($P83/$P$10)*$Q$10,2))) -> 43.75 | R83: =IF($Q83="","",ROUND($Q83*$R$10,2)) -> 13.13 | U83: 19 | V83: 10 | AC83: =IF(COUNT($S83:$AB83)=0,"",SUM($S83:$AB83)) -> 29 | AD83: =IF(ISERROR(IF($AC83="","",ROUND(($AC83/$AC$10)*$AD$10,2))),"",IF($AC83="","",ROUND(($AC83/$AC$10)*$AD$10,2))) -> 41.43 | AE83: =IF($AD83="","",ROUND($AD83*$AE$10,2)) -> 20.72 | AG83: =IF(ISERROR(IF($AF83="","",ROUND(($AF83/$AF$10)*$AG$10,2))),"",IF($AF83="","",ROUND(($AF83/$AF$10)*$AG$10,2))) | AH83: =IF($AG83="","",ROUND($AG83*$AH$10,2)) | AI83: =IF(ISERROR(IF($AF83="","",ROUND(SUM($R83,$AE83,$AH83),2))),"",IF($AF83="","",ROUND(SUM($R83,$AE83,$AH83),2))) | AJ83: =IF(ISERROR(IF($AF83="","",VLOOKUP(AI83,TRANSMUTATION_TABLE,4,TRUE))),"",IF($AF83="","",VLOOKUP(AI83,TRANSMUTATION_TABLE,4,TRUE)))
A84: 22 | B84: ='INPUT DATA'!B84 -> Serrano Misha Nunag | G84: 10 | H84: 10 | I84: 15 | P84: =IF(COUNT($F84:$O84)=0,"",SUM($F84:$O84)) -> 35 | Q84: =IF(ISERROR(IF($P84="","",ROUND(($P84/$P$10)*$Q$10,2))),"",IF($P84="","",ROUND(($P84/$P$10)*$Q$10,2))) -> 43.75 | R84: =IF($Q84="","",ROUND($Q84*$R$10,2)) -> 13.13 | U84: 19 | V84: 8 | AC84: =IF(COUNT($S84:$AB84)=0,"",SUM($S84:$AB84)) -> 27 | AD84: =IF(ISERROR(IF($AC84="","",ROUND(($AC84/$AC$10)*$AD$10,2))),"",IF($AC84="","",ROUND(($AC84/$AC$10)*$AD$10,2))) -> 38.57 | AE84: =IF($AD84="","",ROUND($AD84*$AE$10,2)) -> 19.29 | AG84: =IF(ISERROR(IF($AF84="","",ROUND(($AF84/$AF$10)*$AG$10,2))),"",IF($AF84="","",ROUND(($AF84/$AF$10)*$AG$10,2))) | AH84: =IF($AG84="","",ROUND($AG84*$AH$10,2)) | AI84: =IF(ISERROR(IF($AF84="","",ROUND(SUM($R84,$AE84,$AH84),2))),"",IF($AF84="","",ROUND(SUM($R84,$AE84,$AH84),2))) | AJ84: =IF(ISERROR(IF($AF84="","",VLOOKUP(AI84,TRANSMUTATION_TABLE,4,TRUE))),"",IF($AF84="","",VLOOKUP(AI84,TRANSMUTATION_TABLE,4,TRUE)))
A85: 23 | B85: ='INPUT DATA'!B85 -> Sunga Quiyane Binayog | G85: 10 | H85: 10 | I85: 15 | P85: =IF(COUNT($F85:$O85)=0,"",SUM($F85:$O85)) -> 35 | Q85: =IF(ISERROR(IF($P85="","",ROUND(($P85/$P$10)*$Q$10,2))),"",IF($P85="","",ROUND(($P85/$P$10)*$Q$10,2))) -> 43.75 | R85: =IF($Q85="","",ROUND($Q85*$R$10,2)) -> 13.13 | U85: 20 | V85: 8 | AC85: =IF(COUNT($S85:$AB85)=0,"",SUM($S85:$AB85)) -> 28 | AD85: =IF(ISERROR(IF($AC85="","",ROUND(($AC85/$AC$10)*$AD$10,2))),"",IF($AC85="","",ROUND(($AC85/$AC$10)*$AD$10,2))) -> 40 | AE85: =IF($AD85="","",ROUND($AD85*$AE$10,2)) -> 20 | AG85: =IF(ISERROR(IF($AF85="","",ROUND(($AF85/$AF$10)*$AG$10,2))),"",IF($AF85="","",ROUND(($AF85/$AF$10)*$AG$10,2))) | AH85: =IF($AG85="","",ROUND($AG85*$AH$10,2)) | AI85: =IF(ISERROR(IF($AF85="","",ROUND(SUM($R85,$AE85,$AH85),2))),"",IF($AF85="","",ROUND(SUM($R85,$AE85,$AH85),2))) | AJ85: =IF(ISERROR(IF($AF85="","",VLOOKUP(AI85,TRANSMUTATION_TABLE,4,TRUE))),"",IF($AF85="","",VLOOKUP(AI85,TRANSMUTATION_TABLE,4,TRUE)))
A86: 24 | B86: ='INPUT DATA'!B86 -> Villavicencio Francine Mac Castro | P86: =IF(COUNT($F86:$O86)=0,"",SUM($F86:$O86)) | Q86: =IF(ISERROR(IF($P86="","",ROUND(($P86/$P$10)*$Q$10,2))),"",IF($P86="","",ROUND(($P86/$P$10)*$Q$10,2))) | R86: =IF($Q86="","",ROUND($Q86*$R$10,2)) | AC86: =IF(COUNT($S86:$AB86)=0,"",SUM($S86:$AB86)) | AD86: =IF(ISERROR(IF($AC86="","",ROUND(($AC86/$AC$10)*$AD$10,2))),"",IF($AC86="","",ROUND(($AC86/$AC$10)*$AD$10,2))) | AE86: =IF($AD86="","",ROUND($AD86*$AE$10,2)) | AG86: =IF(ISERROR(IF($AF86="","",ROUND(($AF86/$AF$10)*$AG$10,2))),"",IF($AF86="","",ROUND(($AF86/$AF$10)*$AG$10,2))) | AH86: =IF($AG86="","",ROUND($AG86*$AH$10,2)) | AI86: =IF(ISERROR(IF($AF86="","",ROUND(SUM($R86,$AE86,$AH86),2))),"",IF($AF86="","",ROUND(SUM($R86,$AE86,$AH86),2))) | AJ86: =IF(ISERROR(IF($AF86="","",VLOOKUP(AI86,TRANSMUTATION_TABLE,4,TRUE))),"",IF($AF86="","",VLOOKUP(AI86,TRANSMUTATION_TABLE,4,TRUE)))
A87: 25 | B87: ='INPUT DATA'!B87 -> Zamora Angel | G87: 9 | H87: 10 | I87: 13 | P87: =IF(COUNT($F87:$O87)=0,"",SUM($F87:$O87)) -> 32 | Q87: =IF(ISERROR(IF($P87="","",ROUND(($P87/$P$10)*$Q$10,2))),"",IF($P87="","",ROUND(($P87/$P$10)*$Q$10,2))) -> 40 | R87: =IF($Q87="","",ROUND($Q87*$R$10,2)) -> 12 | U87: 19 | V87: 8 | AC87: =IF(COUNT($S87:$AB87)=0,"",SUM($S87:$AB87)) -> 27 | AD87: =IF(ISERROR(IF($AC87="","",ROUND(($AC87/$AC$10)*$AD$10,2))),"",IF($AC87="","",ROUND(($AC87/$AC$10)*$AD$10,2))) -> 38.57 | AE87: =IF($AD87="","",ROUND($AD87*$AE$10,2)) -> 19.29 | AG87: =IF(ISERROR(IF($AF87="","",ROUND(($AF87/$AF$10)*$AG$10,2))),"",IF($AF87="","",ROUND(($AF87/$AF$10)*$AG$10,2))) | AH87: =IF($AG87="","",ROUND($AG87*$AH$10,2)) | AI87: =IF(ISERROR(IF($AF87="","",ROUND(SUM($R87,$AE87,$AH87),2))),"",IF($AF87="","",ROUND(SUM($R87,$AE87,$AH87),2))) | AJ87: =IF(ISERROR(IF($AF87="","",VLOOKUP(AI87,TRANSMUTATION_TABLE,4,TRUE))),"",IF($AF87="","",VLOOKUP(AI87,TRANSMUTATION_TABLE,4,TRUE)))
